-- phpMyAdmin SQL Dump
-- version 5.2.0
-- https://www.phpmyadmin.net/
--
-- Host: localhost:3306
-- Generation Time: Jun 06, 2025 at 04:23 PM
-- Server version: 8.0.30
-- PHP Version: 8.3.21

SET SQL_MODE = "NO_AUTO_VALUE_ON_ZERO";
START TRANSACTION;
SET time_zone = "+00:00";


/*!40101 SET @OLD_CHARACTER_SET_CLIENT=@@CHARACTER_SET_CLIENT */;
/*!40101 SET @OLD_CHARACTER_SET_RESULTS=@@CHARACTER_SET_RESULTS */;
/*!40101 SET @OLD_COLLATION_CONNECTION=@@COLLATION_CONNECTION */;
/*!40101 SET NAMES utf8mb4 */;

--
-- Database: `laravelprac`
--

-- --------------------------------------------------------

--
-- Table structure for table `cache`
--

CREATE TABLE `cache` (
  `key` varchar(255) COLLATE utf8mb4_unicode_ci NOT NULL,
  `value` mediumtext COLLATE utf8mb4_unicode_ci NOT NULL,
  `expiration` int NOT NULL
) ENGINE=InnoDB DEFAULT CHARSET=utf8mb4 COLLATE=utf8mb4_unicode_ci;

-- --------------------------------------------------------

--
-- Table structure for table `cache_locks`
--

CREATE TABLE `cache_locks` (
  `key` varchar(255) COLLATE utf8mb4_unicode_ci NOT NULL,
  `owner` varchar(255) COLLATE utf8mb4_unicode_ci NOT NULL,
  `expiration` int NOT NULL
) ENGINE=InnoDB DEFAULT CHARSET=utf8mb4 COLLATE=utf8mb4_unicode_ci;

-- --------------------------------------------------------

--
-- Table structure for table `employers`
--

CREATE TABLE `employers` (
  `id` bigint UNSIGNED NOT NULL,
  `name` varchar(255) COLLATE utf8mb4_unicode_ci NOT NULL,
  `created_at` timestamp NULL DEFAULT NULL,
  `updated_at` timestamp NULL DEFAULT NULL
) ENGINE=InnoDB DEFAULT CHARSET=utf8mb4 COLLATE=utf8mb4_unicode_ci;

--
-- Dumping data for table `employers`
--

INSERT INTO `employers` (`id`, `name`, `created_at`, `updated_at`) VALUES
(1, 'Ziemann-Vandervort', '2025-06-05 00:09:37', '2025-06-05 00:09:37'),
(2, 'Feil PLC', '2025-06-05 00:09:37', '2025-06-05 00:09:37'),
(3, 'Beier-Bergnaum', '2025-06-05 00:09:37', '2025-06-05 00:09:37'),
(4, 'O\'Hara Inc', '2025-06-05 00:09:37', '2025-06-05 00:09:37'),
(5, 'Corwin, Quitzon and Ondricka', '2025-06-05 00:09:37', '2025-06-05 00:09:37'),
(6, 'Veum and Sons', '2025-06-05 00:09:37', '2025-06-05 00:09:37'),
(7, 'Simonis LLC', '2025-06-05 00:09:37', '2025-06-05 00:09:37'),
(8, 'Sipes LLC', '2025-06-05 00:09:37', '2025-06-05 00:09:37'),
(9, 'Erdman-Klein', '2025-06-05 00:09:37', '2025-06-05 00:09:37'),
(10, 'Stamm Ltd', '2025-06-05 00:09:37', '2025-06-05 00:09:37'),
(11, 'Reichel, Jacobi and Simonis', '2025-06-05 00:09:37', '2025-06-05 00:09:37'),
(12, 'Abernathy LLC', '2025-06-05 00:09:37', '2025-06-05 00:09:37'),
(13, 'Hayes, McLaughlin and Berge', '2025-06-05 00:09:37', '2025-06-05 00:09:37'),
(14, 'Hoppe-Nolan', '2025-06-05 00:09:37', '2025-06-05 00:09:37'),
(15, 'Koch, Goldner and Spencer', '2025-06-05 00:09:37', '2025-06-05 00:09:37'),
(16, 'Heller, Stamm and Rosenbaum', '2025-06-05 00:09:37', '2025-06-05 00:09:37'),
(17, 'Greenfelder-Bartell', '2025-06-05 00:09:37', '2025-06-05 00:09:37'),
(18, 'Bins, Stracke and Kemmer', '2025-06-05 00:09:37', '2025-06-05 00:09:37'),
(19, 'Welch Inc', '2025-06-05 00:09:37', '2025-06-05 00:09:37'),
(20, 'Abbott, Glover and Boyer', '2025-06-05 00:09:37', '2025-06-05 00:09:37'),
(21, 'Feest-Schroeder', '2025-06-05 00:09:37', '2025-06-05 00:09:37'),
(22, 'Oberbrunner PLC', '2025-06-05 00:09:37', '2025-06-05 00:09:37'),
(23, 'Morar Ltd', '2025-06-05 00:09:37', '2025-06-05 00:09:37'),
(24, 'Bode-Wolff', '2025-06-05 00:09:37', '2025-06-05 00:09:37'),
(25, 'Medhurst, Nitzsche and Brakus', '2025-06-05 00:09:37', '2025-06-05 00:09:37'),
(26, 'McKenzie-Hodkiewicz', '2025-06-05 00:09:37', '2025-06-05 00:09:37'),
(27, 'Lockman-Hermiston', '2025-06-05 00:09:37', '2025-06-05 00:09:37'),
(28, 'Trantow PLC', '2025-06-05 00:09:37', '2025-06-05 00:09:37'),
(29, 'Eichmann-Schultz', '2025-06-05 00:09:37', '2025-06-05 00:09:37'),
(30, 'Bahringer PLC', '2025-06-05 00:09:37', '2025-06-05 00:09:37'),
(31, 'Koepp Group', '2025-06-05 00:09:37', '2025-06-05 00:09:37'),
(32, 'Gerlach, Paucek and Mohr', '2025-06-05 00:09:37', '2025-06-05 00:09:37'),
(33, 'Connelly-Terry', '2025-06-05 00:09:37', '2025-06-05 00:09:37'),
(34, 'Smith and Sons', '2025-06-05 00:09:37', '2025-06-05 00:09:37'),
(35, 'Kuhic PLC', '2025-06-05 00:09:37', '2025-06-05 00:09:37'),
(36, 'Williamson PLC', '2025-06-05 00:09:37', '2025-06-05 00:09:37'),
(37, 'Hudson-Christiansen', '2025-06-05 00:09:37', '2025-06-05 00:09:37'),
(38, 'Hill and Sons', '2025-06-05 00:09:37', '2025-06-05 00:09:37'),
(39, 'Hessel-O\'Hara', '2025-06-05 00:09:37', '2025-06-05 00:09:37'),
(40, 'Welch, Ward and Mraz', '2025-06-05 00:09:37', '2025-06-05 00:09:37'),
(41, 'Langworth LLC', '2025-06-05 00:09:37', '2025-06-05 00:09:37'),
(42, 'Turner LLC', '2025-06-05 00:09:37', '2025-06-05 00:09:37'),
(43, 'O\'Connell-Mayer', '2025-06-05 00:09:37', '2025-06-05 00:09:37'),
(44, 'Kris, Huel and Kessler', '2025-06-05 00:09:37', '2025-06-05 00:09:37'),
(45, 'Wintheiser, Marquardt and Zemlak', '2025-06-05 00:09:37', '2025-06-05 00:09:37'),
(46, 'Bechtelar, Gulgowski and Hill', '2025-06-05 00:09:37', '2025-06-05 00:09:37'),
(47, 'Pagac-O\'Conner', '2025-06-05 00:09:37', '2025-06-05 00:09:37'),
(48, 'Leffler and Sons', '2025-06-05 00:09:37', '2025-06-05 00:09:37'),
(49, 'Hintz-Hagenes', '2025-06-05 00:09:37', '2025-06-05 00:09:37'),
(50, 'Raynor, Kuhn and Kunze', '2025-06-05 00:09:37', '2025-06-05 00:09:37'),
(51, 'Marvin Inc', '2025-06-05 00:09:37', '2025-06-05 00:09:37'),
(52, 'Windler, Kutch and Schneider', '2025-06-05 00:09:37', '2025-06-05 00:09:37'),
(53, 'Weber-Nitzsche', '2025-06-05 00:09:37', '2025-06-05 00:09:37'),
(54, 'Medhurst-Cormier', '2025-06-05 00:09:37', '2025-06-05 00:09:37'),
(55, 'Fritsch-Hickle', '2025-06-05 00:09:37', '2025-06-05 00:09:37'),
(56, 'Block, Gutkowski and Maggio', '2025-06-05 00:09:37', '2025-06-05 00:09:37'),
(57, 'Turcotte-Wunsch', '2025-06-05 00:09:37', '2025-06-05 00:09:37'),
(58, 'Bernhard-Schultz', '2025-06-05 00:09:37', '2025-06-05 00:09:37'),
(59, 'Ziemann-Cormier', '2025-06-05 00:09:37', '2025-06-05 00:09:37'),
(60, 'Harris-Mraz', '2025-06-05 00:09:37', '2025-06-05 00:09:37'),
(61, 'Wisoky-Turcotte', '2025-06-05 00:09:37', '2025-06-05 00:09:37'),
(62, 'Corkery Inc', '2025-06-05 00:09:37', '2025-06-05 00:09:37'),
(63, 'Kirlin, Streich and Kirlin', '2025-06-05 00:09:37', '2025-06-05 00:09:37'),
(64, 'Rice, Stamm and Connelly', '2025-06-05 00:09:37', '2025-06-05 00:09:37'),
(65, 'Jakubowski Group', '2025-06-05 00:09:37', '2025-06-05 00:09:37'),
(66, 'Gottlieb Inc', '2025-06-05 00:09:37', '2025-06-05 00:09:37'),
(67, 'Weissnat-Cartwright', '2025-06-05 00:09:37', '2025-06-05 00:09:37'),
(68, 'Crona-Murazik', '2025-06-05 00:09:37', '2025-06-05 00:09:37'),
(69, 'Corwin-Jacobs', '2025-06-05 00:09:37', '2025-06-05 00:09:37'),
(70, 'Hudson-Kautzer', '2025-06-05 00:09:37', '2025-06-05 00:09:37'),
(71, 'Olson Group', '2025-06-05 00:09:37', '2025-06-05 00:09:37'),
(72, 'Davis, Borer and Lockman', '2025-06-05 00:09:37', '2025-06-05 00:09:37'),
(73, 'Thiel and Sons', '2025-06-05 00:09:37', '2025-06-05 00:09:37'),
(74, 'Veum-Cartwright', '2025-06-05 00:09:37', '2025-06-05 00:09:37'),
(75, 'Botsford Ltd', '2025-06-05 00:09:37', '2025-06-05 00:09:37'),
(76, 'Auer-Kassulke', '2025-06-05 00:09:37', '2025-06-05 00:09:37'),
(77, 'Block LLC', '2025-06-05 00:09:37', '2025-06-05 00:09:37'),
(78, 'Armstrong-Mohr', '2025-06-05 00:09:37', '2025-06-05 00:09:37'),
(79, 'Gulgowski Group', '2025-06-05 00:09:37', '2025-06-05 00:09:37'),
(80, 'Harvey Ltd', '2025-06-05 00:09:37', '2025-06-05 00:09:37'),
(81, 'Block-Windler', '2025-06-05 00:09:37', '2025-06-05 00:09:37'),
(82, 'Leffler, Bashirian and Koss', '2025-06-05 00:09:37', '2025-06-05 00:09:37'),
(83, 'Hegmann, Gorczany and Lebsack', '2025-06-05 00:09:37', '2025-06-05 00:09:37'),
(84, 'Barrows, Wisozk and Stehr', '2025-06-05 00:09:37', '2025-06-05 00:09:37'),
(85, 'Carroll PLC', '2025-06-05 00:09:37', '2025-06-05 00:09:37'),
(86, 'Jaskolski Inc', '2025-06-05 00:09:37', '2025-06-05 00:09:37'),
(87, 'Zulauf-Schowalter', '2025-06-05 00:09:37', '2025-06-05 00:09:37'),
(88, 'Rogahn, Bashirian and Swaniawski', '2025-06-05 00:09:37', '2025-06-05 00:09:37'),
(89, 'Grant-Beahan', '2025-06-05 00:09:37', '2025-06-05 00:09:37'),
(90, 'Schulist, Ullrich and Thiel', '2025-06-05 00:09:37', '2025-06-05 00:09:37'),
(91, 'Waters Ltd', '2025-06-05 00:09:37', '2025-06-05 00:09:37'),
(92, 'West PLC', '2025-06-05 00:09:37', '2025-06-05 00:09:37'),
(93, 'Feeney Inc', '2025-06-05 00:09:37', '2025-06-05 00:09:37'),
(94, 'Dickens-Jaskolski', '2025-06-05 00:09:37', '2025-06-05 00:09:37'),
(95, 'Pagac LLC', '2025-06-05 00:09:37', '2025-06-05 00:09:37'),
(96, 'Johnson LLC', '2025-06-05 00:09:37', '2025-06-05 00:09:37'),
(97, 'Murray-Hermann', '2025-06-05 00:09:37', '2025-06-05 00:09:37'),
(98, 'Abbott-Willms', '2025-06-05 00:09:37', '2025-06-05 00:09:37'),
(99, 'Kling-Metz', '2025-06-05 00:09:37', '2025-06-05 00:09:37'),
(100, 'Zieme-Rosenbaum', '2025-06-05 00:09:37', '2025-06-05 00:09:37'),
(101, 'Robel-Cormier', '2025-06-05 00:09:37', '2025-06-05 00:09:37'),
(102, 'Gibson LLC', '2025-06-05 00:09:37', '2025-06-05 00:09:37'),
(103, 'Hoppe Inc', '2025-06-05 00:09:37', '2025-06-05 00:09:37'),
(104, 'Rempel, Jacobi and Kunze', '2025-06-05 00:09:37', '2025-06-05 00:09:37'),
(105, 'Schuppe-Ruecker', '2025-06-05 00:09:37', '2025-06-05 00:09:37'),
(106, 'Marks-Adams', '2025-06-05 00:09:37', '2025-06-05 00:09:37'),
(107, 'Satterfield-Turcotte', '2025-06-05 00:09:37', '2025-06-05 00:09:37'),
(108, 'Nicolas Inc', '2025-06-05 00:09:37', '2025-06-05 00:09:37'),
(109, 'Miller Ltd', '2025-06-05 00:09:37', '2025-06-05 00:09:37'),
(110, 'Towne, Torphy and Krajcik', '2025-06-05 00:09:37', '2025-06-05 00:09:37'),
(111, 'Hermiston-Considine', '2025-06-05 00:09:37', '2025-06-05 00:09:37'),
(112, 'Mitchell Ltd', '2025-06-05 00:09:37', '2025-06-05 00:09:37'),
(113, 'Schultz, Koepp and Lebsack', '2025-06-05 00:09:37', '2025-06-05 00:09:37'),
(114, 'Kuhic-Jenkins', '2025-06-05 00:09:37', '2025-06-05 00:09:37'),
(115, 'Bechtelar-Reichert', '2025-06-05 00:09:37', '2025-06-05 00:09:37'),
(116, 'Mills, Rippin and Stokes', '2025-06-05 00:09:37', '2025-06-05 00:09:37'),
(117, 'Sipes-Weber', '2025-06-05 00:09:37', '2025-06-05 00:09:37'),
(118, 'Cruickshank, Herman and Ullrich', '2025-06-05 00:09:37', '2025-06-05 00:09:37'),
(119, 'Senger-Gerlach', '2025-06-05 00:09:37', '2025-06-05 00:09:37'),
(120, 'Weissnat Inc', '2025-06-05 00:09:37', '2025-06-05 00:09:37'),
(121, 'Hackett PLC', '2025-06-05 00:09:37', '2025-06-05 00:09:37'),
(122, 'Barrows, Botsford and Bartoletti', '2025-06-05 00:09:37', '2025-06-05 00:09:37'),
(123, 'Emmerich-Greenholt', '2025-06-05 00:09:37', '2025-06-05 00:09:37'),
(124, 'Gerhold-Cremin', '2025-06-05 00:09:37', '2025-06-05 00:09:37'),
(125, 'Brakus-Nienow', '2025-06-05 00:09:37', '2025-06-05 00:09:37'),
(126, 'Olson-Feil', '2025-06-05 00:09:37', '2025-06-05 00:09:37'),
(127, 'Gerhold Group', '2025-06-05 00:09:37', '2025-06-05 00:09:37'),
(128, 'Marquardt, Reichel and Lynch', '2025-06-05 00:09:37', '2025-06-05 00:09:37'),
(129, 'Bernhard and Sons', '2025-06-05 00:09:37', '2025-06-05 00:09:37'),
(130, 'Ullrich PLC', '2025-06-05 00:09:37', '2025-06-05 00:09:37'),
(131, 'Rosenbaum, Hoppe and Reilly', '2025-06-05 00:09:37', '2025-06-05 00:09:37'),
(132, 'Kuhn, Lubowitz and Metz', '2025-06-05 00:09:37', '2025-06-05 00:09:37'),
(133, 'Hahn, Dach and Cruickshank', '2025-06-05 00:09:37', '2025-06-05 00:09:37'),
(134, 'Dickens Ltd', '2025-06-05 00:09:37', '2025-06-05 00:09:37'),
(135, 'Hyatt-Bashirian', '2025-06-05 00:09:37', '2025-06-05 00:09:37'),
(136, 'Cassin-Roob', '2025-06-05 00:09:37', '2025-06-05 00:09:37'),
(137, 'Kemmer Group', '2025-06-05 00:09:37', '2025-06-05 00:09:37'),
(138, 'Zieme PLC', '2025-06-05 00:09:37', '2025-06-05 00:09:37'),
(139, 'Harvey LLC', '2025-06-05 00:09:37', '2025-06-05 00:09:37'),
(140, 'Mraz-Swift', '2025-06-05 00:09:37', '2025-06-05 00:09:37'),
(141, 'Goodwin-Aufderhar', '2025-06-05 00:09:37', '2025-06-05 00:09:37'),
(142, 'Pagac, Beer and Morar', '2025-06-05 00:09:37', '2025-06-05 00:09:37'),
(143, 'Kunze, Blick and Torphy', '2025-06-05 00:09:37', '2025-06-05 00:09:37'),
(144, 'Dare, Kuvalis and Roberts', '2025-06-05 00:09:37', '2025-06-05 00:09:37'),
(145, 'Bernier, Harris and Lueilwitz', '2025-06-05 00:09:37', '2025-06-05 00:09:37'),
(146, 'Krajcik Inc', '2025-06-05 00:09:37', '2025-06-05 00:09:37'),
(147, 'Runolfsdottir Inc', '2025-06-05 00:09:37', '2025-06-05 00:09:37'),
(148, 'Goldner, Cormier and Davis', '2025-06-05 00:09:37', '2025-06-05 00:09:37'),
(149, 'Powlowski, Grady and Langosh', '2025-06-05 00:09:37', '2025-06-05 00:09:37'),
(150, 'Schneider Group', '2025-06-05 00:09:37', '2025-06-05 00:09:37'),
(151, 'Oberbrunner, Huel and Hartmann', '2025-06-05 00:09:37', '2025-06-05 00:09:37'),
(152, 'Hirthe Ltd', '2025-06-05 00:09:37', '2025-06-05 00:09:37'),
(153, 'Gulgowski-Stamm', '2025-06-05 00:09:37', '2025-06-05 00:09:37'),
(154, 'Walsh-Bailey', '2025-06-05 00:09:37', '2025-06-05 00:09:37'),
(155, 'Fadel-Gutkowski', '2025-06-05 00:09:37', '2025-06-05 00:09:37'),
(156, 'McDermott, Davis and O\'Conner', '2025-06-05 00:09:37', '2025-06-05 00:09:37'),
(157, 'Daniel Inc', '2025-06-05 00:09:37', '2025-06-05 00:09:37'),
(158, 'VonRueden-Auer', '2025-06-05 00:09:37', '2025-06-05 00:09:37'),
(159, 'Kuhlman, Abbott and Bechtelar', '2025-06-05 00:09:37', '2025-06-05 00:09:37'),
(160, 'Dach Ltd', '2025-06-05 00:09:37', '2025-06-05 00:09:37'),
(161, 'Daniel Inc', '2025-06-05 00:09:37', '2025-06-05 00:09:37'),
(162, 'Zulauf-Nader', '2025-06-05 00:09:37', '2025-06-05 00:09:37'),
(163, 'O\'Connell PLC', '2025-06-05 00:09:37', '2025-06-05 00:09:37'),
(164, 'Heaney, Lueilwitz and Zemlak', '2025-06-05 00:09:37', '2025-06-05 00:09:37'),
(165, 'Baumbach and Sons', '2025-06-05 00:09:37', '2025-06-05 00:09:37'),
(166, 'Grady Group', '2025-06-05 00:09:37', '2025-06-05 00:09:37'),
(167, 'Roob Inc', '2025-06-05 00:09:37', '2025-06-05 00:09:37'),
(168, 'Schiller Group', '2025-06-05 00:09:37', '2025-06-05 00:09:37'),
(169, 'Lockman LLC', '2025-06-05 00:09:37', '2025-06-05 00:09:37'),
(170, 'Kutch, Beatty and Ernser', '2025-06-05 00:09:37', '2025-06-05 00:09:37'),
(171, 'Batz, Glover and Daugherty', '2025-06-05 00:09:37', '2025-06-05 00:09:37'),
(172, 'Considine, Harris and Zemlak', '2025-06-05 00:09:37', '2025-06-05 00:09:37'),
(173, 'Leuschke, Carter and Adams', '2025-06-05 00:09:37', '2025-06-05 00:09:37'),
(174, 'Renner Ltd', '2025-06-05 00:09:37', '2025-06-05 00:09:37'),
(175, 'Schinner-Mayer', '2025-06-05 00:09:37', '2025-06-05 00:09:37'),
(176, 'Stracke-Senger', '2025-06-05 00:09:37', '2025-06-05 00:09:37'),
(177, 'Fadel-Mayert', '2025-06-05 00:09:37', '2025-06-05 00:09:37'),
(178, 'Bechtelar Inc', '2025-06-05 00:09:37', '2025-06-05 00:09:37'),
(179, 'Tillman, Koss and Shanahan', '2025-06-05 00:09:37', '2025-06-05 00:09:37'),
(180, 'Boyer-Ankunding', '2025-06-05 00:09:37', '2025-06-05 00:09:37'),
(181, 'Volkman Ltd', '2025-06-05 00:09:37', '2025-06-05 00:09:37'),
(182, 'Larson-Deckow', '2025-06-05 00:09:37', '2025-06-05 00:09:37'),
(183, 'Dicki and Sons', '2025-06-05 00:09:37', '2025-06-05 00:09:37'),
(184, 'Ondricka LLC', '2025-06-05 00:09:37', '2025-06-05 00:09:37'),
(185, 'Mertz Group', '2025-06-05 00:09:37', '2025-06-05 00:09:37'),
(186, 'Shanahan-Beer', '2025-06-05 00:09:37', '2025-06-05 00:09:37'),
(187, 'Welch-Mohr', '2025-06-05 00:09:37', '2025-06-05 00:09:37'),
(188, 'Mayer-Beier', '2025-06-05 00:09:37', '2025-06-05 00:09:37'),
(189, 'Mohr-Glover', '2025-06-05 00:09:37', '2025-06-05 00:09:37'),
(190, 'Klein, Reynolds and Borer', '2025-06-05 00:09:37', '2025-06-05 00:09:37'),
(191, 'Quitzon, Gutkowski and Mueller', '2025-06-05 00:09:37', '2025-06-05 00:09:37'),
(192, 'Considine-O\'Connell', '2025-06-05 00:09:37', '2025-06-05 00:09:37'),
(193, 'Shanahan, Herzog and Brekke', '2025-06-05 00:09:37', '2025-06-05 00:09:37'),
(194, 'Kerluke Inc', '2025-06-05 00:09:37', '2025-06-05 00:09:37'),
(195, 'Zieme-Larkin', '2025-06-05 00:09:37', '2025-06-05 00:09:37'),
(196, 'Tillman-Sanford', '2025-06-05 00:09:37', '2025-06-05 00:09:37'),
(197, 'O\'Keefe and Sons', '2025-06-05 00:09:37', '2025-06-05 00:09:37'),
(198, 'O\'Hara-Sawayn', '2025-06-05 00:09:37', '2025-06-05 00:09:37'),
(199, 'Pacocha-Davis', '2025-06-05 00:09:37', '2025-06-05 00:09:37'),
(200, 'Mohr Inc', '2025-06-05 00:09:37', '2025-06-05 00:09:37'),
(201, 'Greenfelder-Kutch', '2025-06-05 00:16:28', '2025-06-05 00:16:28'),
(202, 'Schoen and Sons', '2025-06-05 00:16:28', '2025-06-05 00:16:28'),
(203, 'Feest, Braun and Paucek', '2025-06-05 00:16:28', '2025-06-05 00:16:28'),
(204, 'Kilback LLC', '2025-06-05 00:16:28', '2025-06-05 00:16:28'),
(205, 'Mills, Bartell and Frami', '2025-06-05 00:16:28', '2025-06-05 00:16:28'),
(206, 'Sporer, Morar and Koch', '2025-06-05 00:16:28', '2025-06-05 00:16:28'),
(207, 'Bernier and Sons', '2025-06-05 00:16:28', '2025-06-05 00:16:28'),
(208, 'Hoeger Group', '2025-06-05 00:16:28', '2025-06-05 00:16:28'),
(209, 'Marvin LLC', '2025-06-05 00:16:28', '2025-06-05 00:16:28'),
(210, 'Hand, Dickinson and Gaylord', '2025-06-05 00:16:28', '2025-06-05 00:16:28'),
(211, 'Hirthe Ltd', '2025-06-05 00:16:28', '2025-06-05 00:16:28'),
(212, 'Blick Inc', '2025-06-05 00:16:28', '2025-06-05 00:16:28'),
(213, 'Jenkins, Volkman and Treutel', '2025-06-05 00:16:28', '2025-06-05 00:16:28'),
(214, 'Romaguera-Ziemann', '2025-06-05 00:16:28', '2025-06-05 00:16:28'),
(215, 'Lynch Ltd', '2025-06-05 00:16:28', '2025-06-05 00:16:28'),
(216, 'Kerluke Group', '2025-06-05 00:16:28', '2025-06-05 00:16:28'),
(217, 'Russel, Blick and Volkman', '2025-06-05 00:16:28', '2025-06-05 00:16:28'),
(218, 'Legros-Hickle', '2025-06-05 00:16:28', '2025-06-05 00:16:28'),
(219, 'Block, Yost and Hickle', '2025-06-05 00:16:28', '2025-06-05 00:16:28'),
(220, 'McDermott-Conn', '2025-06-05 00:16:28', '2025-06-05 00:16:28'),
(221, 'Gislason-Kunze', '2025-06-05 00:16:28', '2025-06-05 00:16:28'),
(222, 'Herzog Ltd', '2025-06-05 00:16:28', '2025-06-05 00:16:28'),
(223, 'Schaefer-Shanahan', '2025-06-05 00:16:28', '2025-06-05 00:16:28'),
(224, 'Anderson-Wyman', '2025-06-05 00:16:28', '2025-06-05 00:16:28'),
(225, 'Predovic-Turner', '2025-06-05 00:16:28', '2025-06-05 00:16:28'),
(226, 'Hermann, Sipes and Schulist', '2025-06-05 00:16:28', '2025-06-05 00:16:28'),
(227, 'Little Group', '2025-06-05 00:16:28', '2025-06-05 00:16:28'),
(228, 'Fay Group', '2025-06-05 00:16:28', '2025-06-05 00:16:28'),
(229, 'Emard PLC', '2025-06-05 00:16:28', '2025-06-05 00:16:28'),
(230, 'Donnelly, Wilkinson and Oberbrunner', '2025-06-05 00:16:28', '2025-06-05 00:16:28'),
(231, 'Nader-Heaney', '2025-06-05 00:16:28', '2025-06-05 00:16:28'),
(232, 'Medhurst PLC', '2025-06-05 00:16:28', '2025-06-05 00:16:28'),
(233, 'Hermann-Kozey', '2025-06-05 00:16:28', '2025-06-05 00:16:28'),
(234, 'Roberts Group', '2025-06-05 00:16:28', '2025-06-05 00:16:28'),
(235, 'Schultz, Zieme and Watsica', '2025-06-05 00:16:28', '2025-06-05 00:16:28'),
(236, 'Littel, Feil and Osinski', '2025-06-05 00:16:28', '2025-06-05 00:16:28'),
(237, 'Reynolds-D\'Amore', '2025-06-05 00:16:28', '2025-06-05 00:16:28'),
(238, 'Waelchi PLC', '2025-06-05 00:16:28', '2025-06-05 00:16:28'),
(239, 'Kerluke PLC', '2025-06-05 00:16:28', '2025-06-05 00:16:28'),
(240, 'O\'Keefe, Bosco and Quitzon', '2025-06-05 00:16:28', '2025-06-05 00:16:28'),
(241, 'Welch and Sons', '2025-06-05 00:16:28', '2025-06-05 00:16:28'),
(242, 'Champlin PLC', '2025-06-05 00:16:28', '2025-06-05 00:16:28'),
(243, 'Bruen, Maggio and McLaughlin', '2025-06-05 00:16:28', '2025-06-05 00:16:28'),
(244, 'Corkery, Lynch and Rath', '2025-06-05 00:16:28', '2025-06-05 00:16:28'),
(245, 'O\'Connell Ltd', '2025-06-05 00:16:28', '2025-06-05 00:16:28'),
(246, 'Oberbrunner, Donnelly and Thompson', '2025-06-05 00:16:28', '2025-06-05 00:16:28'),
(247, 'Jakubowski-Gottlieb', '2025-06-05 00:16:28', '2025-06-05 00:16:28'),
(248, 'Welch Ltd', '2025-06-05 00:16:28', '2025-06-05 00:16:28'),
(249, 'Bogisich, Tremblay and Dach', '2025-06-05 00:16:28', '2025-06-05 00:16:28'),
(250, 'Mills-Hammes', '2025-06-05 00:16:28', '2025-06-05 00:16:28'),
(251, 'Weimann-Haley', '2025-06-05 00:16:28', '2025-06-05 00:16:28'),
(252, 'Denesik, Yost and Keebler', '2025-06-05 00:16:28', '2025-06-05 00:16:28'),
(253, 'Rogahn, Douglas and Waelchi', '2025-06-05 00:16:28', '2025-06-05 00:16:28'),
(254, 'Welch, Shields and Koelpin', '2025-06-05 00:16:28', '2025-06-05 00:16:28'),
(255, 'Spencer-O\'Keefe', '2025-06-05 00:16:28', '2025-06-05 00:16:28'),
(256, 'Konopelski-Marvin', '2025-06-05 00:16:28', '2025-06-05 00:16:28'),
(257, 'Rolfson PLC', '2025-06-05 00:16:28', '2025-06-05 00:16:28'),
(258, 'Hudson, Schultz and Hessel', '2025-06-05 00:16:28', '2025-06-05 00:16:28'),
(259, 'Mosciski, Goldner and Corwin', '2025-06-05 00:16:28', '2025-06-05 00:16:28'),
(260, 'Dicki-Ernser', '2025-06-05 00:16:28', '2025-06-05 00:16:28'),
(261, 'McDermott, Connelly and Wolff', '2025-06-05 00:16:28', '2025-06-05 00:16:28'),
(262, 'Toy PLC', '2025-06-05 00:16:28', '2025-06-05 00:16:28'),
(263, 'Becker-Schaefer', '2025-06-05 00:16:28', '2025-06-05 00:16:28'),
(264, 'Cormier-O\'Hara', '2025-06-05 00:16:28', '2025-06-05 00:16:28'),
(265, 'Fritsch-Botsford', '2025-06-05 00:16:28', '2025-06-05 00:16:28'),
(266, 'Kris and Sons', '2025-06-05 00:16:28', '2025-06-05 00:16:28'),
(267, 'Wyman-Price', '2025-06-05 00:16:28', '2025-06-05 00:16:28'),
(268, 'West Inc', '2025-06-05 00:16:28', '2025-06-05 00:16:28'),
(269, 'Kautzer, Howell and Gibson', '2025-06-05 00:16:28', '2025-06-05 00:16:28'),
(270, 'Robel-Welch', '2025-06-05 00:16:28', '2025-06-05 00:16:28'),
(271, 'Schmidt, Christiansen and Cruickshank', '2025-06-05 00:16:28', '2025-06-05 00:16:28'),
(272, 'Gerlach-Waters', '2025-06-05 00:16:28', '2025-06-05 00:16:28'),
(273, 'Harris, Stoltenberg and Gusikowski', '2025-06-05 00:16:28', '2025-06-05 00:16:28'),
(274, 'Berge and Sons', '2025-06-05 00:16:28', '2025-06-05 00:16:28'),
(275, 'Hand, Weissnat and Lemke', '2025-06-05 00:16:28', '2025-06-05 00:16:28'),
(276, 'Towne, O\'Connell and Stoltenberg', '2025-06-05 00:16:28', '2025-06-05 00:16:28'),
(277, 'Conn, Mills and O\'Hara', '2025-06-05 00:16:28', '2025-06-05 00:16:28'),
(278, 'Ortiz, Boyle and Johnston', '2025-06-05 00:16:28', '2025-06-05 00:16:28'),
(279, 'Goodwin PLC', '2025-06-05 00:16:28', '2025-06-05 00:16:28'),
(280, 'Ortiz Group', '2025-06-05 00:16:28', '2025-06-05 00:16:28'),
(281, 'Bartoletti, Farrell and Waters', '2025-06-05 00:16:28', '2025-06-05 00:16:28'),
(282, 'Macejkovic-Crooks', '2025-06-05 00:16:28', '2025-06-05 00:16:28'),
(283, 'Tillman and Sons', '2025-06-05 00:16:28', '2025-06-05 00:16:28'),
(284, 'Wiza-Schiller', '2025-06-05 00:16:28', '2025-06-05 00:16:28'),
(285, 'Brown LLC', '2025-06-05 00:16:28', '2025-06-05 00:16:28'),
(286, 'Maggio Group', '2025-06-05 00:16:28', '2025-06-05 00:16:28'),
(287, 'Berge-Marvin', '2025-06-05 00:16:28', '2025-06-05 00:16:28'),
(288, 'Bernier Inc', '2025-06-05 00:16:28', '2025-06-05 00:16:28'),
(289, 'Zulauf, Powlowski and Daniel', '2025-06-05 00:16:28', '2025-06-05 00:16:28'),
(290, 'Abshire-Vandervort', '2025-06-05 00:16:28', '2025-06-05 00:16:28'),
(291, 'Feeney Ltd', '2025-06-05 00:16:28', '2025-06-05 00:16:28'),
(292, 'Mueller LLC', '2025-06-05 00:16:28', '2025-06-05 00:16:28'),
(293, 'Roberts, Strosin and Johnston', '2025-06-05 00:16:28', '2025-06-05 00:16:28'),
(294, 'Emard, Abbott and Stiedemann', '2025-06-05 00:16:28', '2025-06-05 00:16:28'),
(295, 'Barton LLC', '2025-06-05 00:16:28', '2025-06-05 00:16:28'),
(296, 'Boyle, Rau and Beahan', '2025-06-05 00:16:28', '2025-06-05 00:16:28'),
(297, 'McLaughlin, Ondricka and Walsh', '2025-06-05 00:16:28', '2025-06-05 00:16:28'),
(298, 'Corwin, Stehr and Becker', '2025-06-05 00:16:28', '2025-06-05 00:16:28'),
(299, 'Klocko-Rippin', '2025-06-05 00:16:28', '2025-06-05 00:16:28'),
(300, 'Hauck, Marquardt and Auer', '2025-06-05 00:16:28', '2025-06-05 00:16:28'),
(301, 'McLaughlin-Schinner', '2025-06-05 00:16:28', '2025-06-05 00:16:28'),
(302, 'Prohaska-Leannon', '2025-06-05 00:16:28', '2025-06-05 00:16:28'),
(303, 'Herman, Huels and Fadel', '2025-06-05 00:16:28', '2025-06-05 00:16:28'),
(304, 'Marks-O\'Connell', '2025-06-05 00:16:28', '2025-06-05 00:16:28'),
(305, 'Turner-McKenzie', '2025-06-05 00:16:28', '2025-06-05 00:16:28'),
(306, 'Cormier, Prohaska and Shields', '2025-06-05 00:16:28', '2025-06-05 00:16:28'),
(307, 'Harvey, Powlowski and Aufderhar', '2025-06-05 00:16:28', '2025-06-05 00:16:28'),
(308, 'Goodwin, Farrell and Hudson', '2025-06-05 00:16:28', '2025-06-05 00:16:28'),
(309, 'Kris-Keeling', '2025-06-05 00:16:28', '2025-06-05 00:16:28'),
(310, 'Huel, Zieme and Predovic', '2025-06-05 00:16:28', '2025-06-05 00:16:28'),
(311, 'Weimann PLC', '2025-06-05 00:16:28', '2025-06-05 00:16:28'),
(312, 'Russel Group', '2025-06-05 00:16:28', '2025-06-05 00:16:28'),
(313, 'Jacobs, Weber and Bergnaum', '2025-06-05 00:16:28', '2025-06-05 00:16:28'),
(314, 'Donnelly, Wilderman and Corkery', '2025-06-05 00:16:28', '2025-06-05 00:16:28'),
(315, 'Larkin, Feeney and Carroll', '2025-06-05 00:16:28', '2025-06-05 00:16:28'),
(316, 'Bernier, Baumbach and Rutherford', '2025-06-05 00:16:28', '2025-06-05 00:16:28'),
(317, 'Gislason, Romaguera and Bruen', '2025-06-05 00:16:28', '2025-06-05 00:16:28'),
(318, 'Pouros and Sons', '2025-06-05 00:16:28', '2025-06-05 00:16:28'),
(319, 'Morar and Sons', '2025-06-05 00:16:28', '2025-06-05 00:16:28'),
(320, 'Larkin-Cronin', '2025-06-05 00:16:28', '2025-06-05 00:16:28'),
(321, 'Fay, Kiehn and Schinner', '2025-06-05 00:16:28', '2025-06-05 00:16:28'),
(322, 'Cummerata LLC', '2025-06-05 00:16:28', '2025-06-05 00:16:28'),
(323, 'Jaskolski Inc', '2025-06-05 00:16:28', '2025-06-05 00:16:28'),
(324, 'Labadie-Schuppe', '2025-06-05 00:16:28', '2025-06-05 00:16:28'),
(325, 'Kutch-Welch', '2025-06-05 00:16:28', '2025-06-05 00:16:28'),
(326, 'Wisozk-Haley', '2025-06-05 00:16:28', '2025-06-05 00:16:28'),
(327, 'Deckow-Johnson', '2025-06-05 00:16:28', '2025-06-05 00:16:28'),
(328, 'Goyette-West', '2025-06-05 00:16:28', '2025-06-05 00:16:28'),
(329, 'Schroeder, Heathcote and Blick', '2025-06-05 00:16:28', '2025-06-05 00:16:28'),
(330, 'O\'Kon, Kris and Fritsch', '2025-06-05 00:16:28', '2025-06-05 00:16:28'),
(331, 'Heller-Johnston', '2025-06-05 00:16:28', '2025-06-05 00:16:28'),
(332, 'Leuschke, Effertz and Muller', '2025-06-05 00:16:28', '2025-06-05 00:16:28'),
(333, 'Herman, Willms and Leannon', '2025-06-05 00:16:28', '2025-06-05 00:16:28'),
(334, 'Schmidt PLC', '2025-06-05 00:16:28', '2025-06-05 00:16:28'),
(335, 'Goldner-Koss', '2025-06-05 00:16:28', '2025-06-05 00:16:28'),
(336, 'Schmitt, Shanahan and Trantow', '2025-06-05 00:16:28', '2025-06-05 00:16:28'),
(337, 'Fahey Group', '2025-06-05 00:16:28', '2025-06-05 00:16:28'),
(338, 'Nader, Jacobi and Lindgren', '2025-06-05 00:16:28', '2025-06-05 00:16:28'),
(339, 'Upton-Ferry', '2025-06-05 00:16:28', '2025-06-05 00:16:28'),
(340, 'Price-Swaniawski', '2025-06-05 00:16:28', '2025-06-05 00:16:28'),
(341, 'Wuckert, Nader and Cummings', '2025-06-05 00:16:28', '2025-06-05 00:16:28'),
(342, 'Nolan-Glover', '2025-06-05 00:16:28', '2025-06-05 00:16:28'),
(343, 'Schamberger, Goldner and Bailey', '2025-06-05 00:16:28', '2025-06-05 00:16:28'),
(344, 'Roberts, Jacobi and Mertz', '2025-06-05 00:16:28', '2025-06-05 00:16:28'),
(345, 'Rosenbaum Inc', '2025-06-05 00:16:28', '2025-06-05 00:16:28'),
(346, 'Howe, Schulist and Boehm', '2025-06-05 00:16:28', '2025-06-05 00:16:28'),
(347, 'Fisher Group', '2025-06-05 00:16:28', '2025-06-05 00:16:28'),
(348, 'Cruickshank-Kemmer', '2025-06-05 00:16:28', '2025-06-05 00:16:28'),
(349, 'Hand Group', '2025-06-05 00:16:28', '2025-06-05 00:16:28'),
(350, 'Gerlach-Considine', '2025-06-05 00:16:28', '2025-06-05 00:16:28'),
(351, 'Dach, Koepp and Langworth', '2025-06-05 00:16:28', '2025-06-05 00:16:28'),
(352, 'Friesen, Nolan and Crooks', '2025-06-05 00:16:28', '2025-06-05 00:16:28'),
(353, 'Parisian, Keebler and Spencer', '2025-06-05 00:16:28', '2025-06-05 00:16:28'),
(354, 'Legros, Runolfsdottir and Pacocha', '2025-06-05 00:16:28', '2025-06-05 00:16:28'),
(355, 'Champlin-Kohler', '2025-06-05 00:16:28', '2025-06-05 00:16:28'),
(356, 'Bosco-Stokes', '2025-06-05 00:16:28', '2025-06-05 00:16:28'),
(357, 'Schoen Ltd', '2025-06-05 00:16:28', '2025-06-05 00:16:28'),
(358, 'Lehner-Harber', '2025-06-05 00:16:28', '2025-06-05 00:16:28'),
(359, 'Franecki, Lang and Waelchi', '2025-06-05 00:16:28', '2025-06-05 00:16:28'),
(360, 'Koch PLC', '2025-06-05 00:16:28', '2025-06-05 00:16:28'),
(361, 'Wisozk, Gottlieb and Greenfelder', '2025-06-05 00:16:28', '2025-06-05 00:16:28'),
(362, 'Casper, Bogisich and Casper', '2025-06-05 00:16:28', '2025-06-05 00:16:28'),
(363, 'Gutkowski-Zboncak', '2025-06-05 00:16:28', '2025-06-05 00:16:28'),
(364, 'Rempel, McDermott and Wuckert', '2025-06-05 00:16:28', '2025-06-05 00:16:28'),
(365, 'Zieme-Reynolds', '2025-06-05 00:16:28', '2025-06-05 00:16:28'),
(366, 'Goodwin Group', '2025-06-05 00:16:28', '2025-06-05 00:16:28'),
(367, 'Kshlerin-Mann', '2025-06-05 00:16:28', '2025-06-05 00:16:28'),
(368, 'Sipes, Hettinger and Collier', '2025-06-05 00:16:28', '2025-06-05 00:16:28'),
(369, 'Cole, Conroy and Morissette', '2025-06-05 00:16:28', '2025-06-05 00:16:28'),
(370, 'Bosco-Walker', '2025-06-05 00:16:28', '2025-06-05 00:16:28'),
(371, 'Beatty PLC', '2025-06-05 00:16:28', '2025-06-05 00:16:28'),
(372, 'Koelpin-Rippin', '2025-06-05 00:16:28', '2025-06-05 00:16:28'),
(373, 'Bosco-Dickinson', '2025-06-05 00:16:28', '2025-06-05 00:16:28'),
(374, 'Emmerich Inc', '2025-06-05 00:16:28', '2025-06-05 00:16:28'),
(375, 'Mayert, Stroman and Herman', '2025-06-05 00:16:28', '2025-06-05 00:16:28'),
(376, 'Hintz-Davis', '2025-06-05 00:16:28', '2025-06-05 00:16:28'),
(377, 'Larson LLC', '2025-06-05 00:16:28', '2025-06-05 00:16:28'),
(378, 'Klocko LLC', '2025-06-05 00:16:28', '2025-06-05 00:16:28'),
(379, 'Kassulke PLC', '2025-06-05 00:16:28', '2025-06-05 00:16:28'),
(380, 'Buckridge, Mann and Hermiston', '2025-06-05 00:16:29', '2025-06-05 00:16:29'),
(381, 'Schaefer-Schultz', '2025-06-05 00:16:29', '2025-06-05 00:16:29'),
(382, 'Schowalter, Brekke and Heaney', '2025-06-05 00:16:29', '2025-06-05 00:16:29'),
(383, 'Stehr-Jerde', '2025-06-05 00:16:29', '2025-06-05 00:16:29'),
(384, 'Goldner LLC', '2025-06-05 00:16:29', '2025-06-05 00:16:29'),
(385, 'Kirlin and Sons', '2025-06-05 00:16:29', '2025-06-05 00:16:29'),
(386, 'Paucek Ltd', '2025-06-05 00:16:29', '2025-06-05 00:16:29'),
(387, 'McCullough-Schimmel', '2025-06-05 00:16:29', '2025-06-05 00:16:29'),
(388, 'Mayer-Legros', '2025-06-05 00:16:29', '2025-06-05 00:16:29'),
(389, 'Gerhold-Rowe', '2025-06-05 00:16:29', '2025-06-05 00:16:29'),
(390, 'Kassulke-Schinner', '2025-06-05 00:16:29', '2025-06-05 00:16:29'),
(391, 'Daugherty, Williamson and Kessler', '2025-06-05 00:16:29', '2025-06-05 00:16:29'),
(392, 'Altenwerth, Pacocha and Gerlach', '2025-06-05 00:16:29', '2025-06-05 00:16:29'),
(393, 'Will Ltd', '2025-06-05 00:16:29', '2025-06-05 00:16:29'),
(394, 'Corwin Inc', '2025-06-05 00:16:29', '2025-06-05 00:16:29'),
(395, 'Runte-Murphy', '2025-06-05 00:16:29', '2025-06-05 00:16:29'),
(396, 'Senger-Kertzmann', '2025-06-05 00:16:29', '2025-06-05 00:16:29'),
(397, 'Ankunding, Gulgowski and Klocko', '2025-06-05 00:16:29', '2025-06-05 00:16:29'),
(398, 'Willms, Aufderhar and Gerhold', '2025-06-05 00:16:29', '2025-06-05 00:16:29'),
(399, 'Labadie-Buckridge', '2025-06-05 00:16:29', '2025-06-05 00:16:29'),
(400, 'Mann, Daniel and Vandervort', '2025-06-05 00:16:29', '2025-06-05 00:16:29');

-- --------------------------------------------------------

--
-- Table structure for table `failed_jobs`
--

CREATE TABLE `failed_jobs` (
  `id` bigint UNSIGNED NOT NULL,
  `uuid` varchar(255) COLLATE utf8mb4_unicode_ci NOT NULL,
  `connection` text COLLATE utf8mb4_unicode_ci NOT NULL,
  `queue` text COLLATE utf8mb4_unicode_ci NOT NULL,
  `payload` longtext COLLATE utf8mb4_unicode_ci NOT NULL,
  `exception` longtext COLLATE utf8mb4_unicode_ci NOT NULL,
  `failed_at` timestamp NOT NULL DEFAULT CURRENT_TIMESTAMP
) ENGINE=InnoDB DEFAULT CHARSET=utf8mb4 COLLATE=utf8mb4_unicode_ci;

-- --------------------------------------------------------

--
-- Table structure for table `jobs`
--

CREATE TABLE `jobs` (
  `id` bigint UNSIGNED NOT NULL,
  `queue` varchar(255) COLLATE utf8mb4_unicode_ci NOT NULL,
  `payload` longtext COLLATE utf8mb4_unicode_ci NOT NULL,
  `attempts` tinyint UNSIGNED NOT NULL,
  `reserved_at` int UNSIGNED DEFAULT NULL,
  `available_at` int UNSIGNED NOT NULL,
  `created_at` int UNSIGNED NOT NULL
) ENGINE=InnoDB DEFAULT CHARSET=utf8mb4 COLLATE=utf8mb4_unicode_ci;

-- --------------------------------------------------------

--
-- Table structure for table `job_batches`
--

CREATE TABLE `job_batches` (
  `id` varchar(255) COLLATE utf8mb4_unicode_ci NOT NULL,
  `name` varchar(255) COLLATE utf8mb4_unicode_ci NOT NULL,
  `total_jobs` int NOT NULL,
  `pending_jobs` int NOT NULL,
  `failed_jobs` int NOT NULL,
  `failed_job_ids` longtext COLLATE utf8mb4_unicode_ci NOT NULL,
  `options` mediumtext COLLATE utf8mb4_unicode_ci,
  `cancelled_at` int DEFAULT NULL,
  `created_at` int NOT NULL,
  `finished_at` int DEFAULT NULL
) ENGINE=InnoDB DEFAULT CHARSET=utf8mb4 COLLATE=utf8mb4_unicode_ci;

-- --------------------------------------------------------

--
-- Table structure for table `job_listings`
--

CREATE TABLE `job_listings` (
  `id` bigint UNSIGNED NOT NULL,
  `employer_id` bigint UNSIGNED NOT NULL,
  `title` varchar(255) COLLATE utf8mb4_unicode_ci NOT NULL,
  `salary` varchar(255) COLLATE utf8mb4_unicode_ci NOT NULL,
  `created_at` timestamp NULL DEFAULT NULL,
  `updated_at` timestamp NULL DEFAULT NULL
) ENGINE=InnoDB DEFAULT CHARSET=utf8mb4 COLLATE=utf8mb4_unicode_ci;

--
-- Dumping data for table `job_listings`
--

INSERT INTO `job_listings` (`id`, `employer_id`, `title`, `salary`, `created_at`, `updated_at`) VALUES
(1, 1, 'Grips', '$50,000 USD', '2025-06-05 00:09:37', '2025-06-05 00:09:37'),
(2, 2, 'Insurance Appraiser', '$50,000 USD', '2025-06-05 00:09:38', '2025-06-05 00:09:38'),
(3, 3, 'Agricultural Inspector', '$50,000 USD', '2025-06-05 00:09:38', '2025-06-05 00:09:38'),
(4, 4, 'Health Practitioner', '$50,000 USD', '2025-06-05 00:09:38', '2025-06-05 00:09:38'),
(5, 5, 'Agricultural Equipment Operator', '$50,000 USD', '2025-06-05 00:09:38', '2025-06-05 00:09:38'),
(6, 6, 'Director Of Social Media Marketing', '$50,000 USD', '2025-06-05 00:09:38', '2025-06-05 00:09:38'),
(7, 7, 'Shear Machine Set-Up Operator', '$50,000 USD', '2025-06-05 00:09:38', '2025-06-05 00:09:38'),
(8, 8, 'Protective Service Worker', '$50,000 USD', '2025-06-05 00:09:38', '2025-06-05 00:09:38'),
(9, 9, 'Glass Blower', '$50,000 USD', '2025-06-05 00:09:38', '2025-06-05 00:09:38'),
(10, 10, 'Commercial Pilot', '$50,000 USD', '2025-06-05 00:09:38', '2025-06-05 00:09:38'),
(11, 11, 'Physics Teacher', '$50,000 USD', '2025-06-05 00:09:38', '2025-06-05 00:09:38'),
(12, 12, 'Reservation Agent OR Transportation Ticket Agent', '$50,000 USD', '2025-06-05 00:09:38', '2025-06-05 00:09:38'),
(13, 13, 'Logistician', '$50,000 USD', '2025-06-05 00:09:38', '2025-06-05 00:09:38'),
(14, 14, 'Night Security Guard', '$50,000 USD', '2025-06-05 00:09:38', '2025-06-05 00:09:38'),
(15, 15, 'Food Tobacco Roasting', '$50,000 USD', '2025-06-05 00:09:38', '2025-06-05 00:09:38'),
(16, 16, 'Environmental Compliance Inspector', '$50,000 USD', '2025-06-05 00:09:38', '2025-06-05 00:09:38'),
(17, 17, 'Municipal Fire Fighter', '$50,000 USD', '2025-06-05 00:09:38', '2025-06-05 00:09:38'),
(18, 18, 'Materials Scientist', '$50,000 USD', '2025-06-05 00:09:38', '2025-06-05 00:09:38'),
(19, 19, 'Rolling Machine Setter', '$50,000 USD', '2025-06-05 00:09:38', '2025-06-05 00:09:38'),
(20, 20, 'Retail Sales person', '$50,000 USD', '2025-06-05 00:09:38', '2025-06-05 00:09:38'),
(21, 21, 'Utility Meter Reader', '$50,000 USD', '2025-06-05 00:09:38', '2025-06-05 00:09:38'),
(22, 22, 'Supervisor of Customer Service', '$50,000 USD', '2025-06-05 00:09:38', '2025-06-05 00:09:38'),
(23, 23, 'Zoologists OR Wildlife Biologist', '$50,000 USD', '2025-06-05 00:09:38', '2025-06-05 00:09:38'),
(24, 24, 'Aircraft Rigging Assembler', '$50,000 USD', '2025-06-05 00:09:38', '2025-06-05 00:09:38'),
(25, 25, 'Paralegal', '$50,000 USD', '2025-06-05 00:09:38', '2025-06-05 00:09:38'),
(26, 26, 'Database Administrator', '$50,000 USD', '2025-06-05 00:09:38', '2025-06-05 00:09:38'),
(27, 27, 'Soil Conservationist', '$50,000 USD', '2025-06-05 00:09:38', '2025-06-05 00:09:38'),
(28, 28, 'RN', '$50,000 USD', '2025-06-05 00:09:38', '2025-06-05 00:09:38'),
(29, 29, 'Captain', '$50,000 USD', '2025-06-05 00:09:38', '2025-06-05 00:09:38'),
(30, 30, 'Platemaker', '$50,000 USD', '2025-06-05 00:09:38', '2025-06-05 00:09:38'),
(31, 31, 'Philosophy and Religion Teacher', '$50,000 USD', '2025-06-05 00:09:38', '2025-06-05 00:09:38'),
(32, 32, 'Plant Scientist', '$50,000 USD', '2025-06-05 00:09:38', '2025-06-05 00:09:38'),
(33, 33, 'Natural Sciences Manager', '$50,000 USD', '2025-06-05 00:09:38', '2025-06-05 00:09:38'),
(34, 34, 'Loan Interviewer', '$50,000 USD', '2025-06-05 00:09:38', '2025-06-05 00:09:38'),
(35, 35, 'Fiber Product Cutting Machine Operator', '$50,000 USD', '2025-06-05 00:09:38', '2025-06-05 00:09:38'),
(36, 36, 'Network Admin OR Computer Systems Administrator', '$50,000 USD', '2025-06-05 00:09:38', '2025-06-05 00:09:38'),
(37, 37, 'Marking Machine Operator', '$50,000 USD', '2025-06-05 00:09:38', '2025-06-05 00:09:38'),
(38, 38, 'Farm Equipment Mechanic', '$50,000 USD', '2025-06-05 00:09:38', '2025-06-05 00:09:38'),
(39, 39, 'Meat Packer', '$50,000 USD', '2025-06-05 00:09:38', '2025-06-05 00:09:38'),
(40, 40, 'Veterinary Technician', '$50,000 USD', '2025-06-05 00:09:38', '2025-06-05 00:09:38'),
(41, 41, 'Electrical Sales Representative', '$50,000 USD', '2025-06-05 00:09:38', '2025-06-05 00:09:38'),
(42, 42, 'Mechanical Drafter', '$50,000 USD', '2025-06-05 00:09:38', '2025-06-05 00:09:38'),
(43, 43, 'Insurance Claims Clerk', '$50,000 USD', '2025-06-05 00:09:38', '2025-06-05 00:09:38'),
(44, 44, 'Hoist and Winch Operator', '$50,000 USD', '2025-06-05 00:09:38', '2025-06-05 00:09:38'),
(45, 45, 'Pediatricians', '$50,000 USD', '2025-06-05 00:09:38', '2025-06-05 00:09:38'),
(46, 46, 'Nuclear Power Reactor Operator', '$50,000 USD', '2025-06-05 00:09:38', '2025-06-05 00:09:38'),
(47, 47, 'Lathe Operator', '$50,000 USD', '2025-06-05 00:09:38', '2025-06-05 00:09:38'),
(48, 48, 'Counseling Psychologist', '$50,000 USD', '2025-06-05 00:09:38', '2025-06-05 00:09:38'),
(49, 49, 'Medical Sales Representative', '$50,000 USD', '2025-06-05 00:09:38', '2025-06-05 00:09:38'),
(50, 50, 'Woodworker', '$50,000 USD', '2025-06-05 00:09:38', '2025-06-05 00:09:38'),
(51, 51, 'Airfield Operations Specialist', '$50,000 USD', '2025-06-05 00:09:38', '2025-06-05 00:09:38'),
(52, 52, 'Model Maker', '$50,000 USD', '2025-06-05 00:09:38', '2025-06-05 00:09:38'),
(53, 53, 'Occupational Therapist', '$50,000 USD', '2025-06-05 00:09:38', '2025-06-05 00:09:38'),
(54, 54, 'Welding Machine Tender', '$50,000 USD', '2025-06-05 00:09:38', '2025-06-05 00:09:38'),
(55, 55, 'Clinical School Psychologist', '$50,000 USD', '2025-06-05 00:09:38', '2025-06-05 00:09:38'),
(56, 56, 'Restaurant Cook', '$50,000 USD', '2025-06-05 00:09:38', '2025-06-05 00:09:38'),
(57, 57, 'Conservation Scientist', '$50,000 USD', '2025-06-05 00:09:38', '2025-06-05 00:09:38'),
(58, 58, 'Motion Picture Projectionist', '$50,000 USD', '2025-06-05 00:09:38', '2025-06-05 00:09:38'),
(59, 59, 'Glazier', '$50,000 USD', '2025-06-05 00:09:38', '2025-06-05 00:09:38'),
(60, 60, 'Animal Trainer', '$50,000 USD', '2025-06-05 00:09:38', '2025-06-05 00:09:38'),
(61, 61, 'Dentist', '$50,000 USD', '2025-06-05 00:09:38', '2025-06-05 00:09:38'),
(62, 62, 'Petroleum Pump Operator', '$50,000 USD', '2025-06-05 00:09:38', '2025-06-05 00:09:38'),
(63, 63, 'Electrical Engineering Technician', '$50,000 USD', '2025-06-05 00:09:38', '2025-06-05 00:09:38'),
(64, 64, 'Industrial-Organizational Psychologist', '$50,000 USD', '2025-06-05 00:09:38', '2025-06-05 00:09:38'),
(65, 65, 'Building Cleaning Worker', '$50,000 USD', '2025-06-05 00:09:38', '2025-06-05 00:09:38'),
(66, 66, 'Proofreaders and Copy Marker', '$50,000 USD', '2025-06-05 00:09:38', '2025-06-05 00:09:38'),
(67, 67, 'Producers and Director', '$50,000 USD', '2025-06-05 00:09:38', '2025-06-05 00:09:38'),
(68, 68, 'Mechanical Inspector', '$50,000 USD', '2025-06-05 00:09:38', '2025-06-05 00:09:38'),
(69, 69, 'Podiatrist', '$50,000 USD', '2025-06-05 00:09:38', '2025-06-05 00:09:38'),
(70, 70, 'Sound Engineering Technician', '$50,000 USD', '2025-06-05 00:09:38', '2025-06-05 00:09:38'),
(71, 71, 'Budget Analyst', '$50,000 USD', '2025-06-05 00:09:38', '2025-06-05 00:09:38'),
(72, 72, 'Fabric Mender', '$50,000 USD', '2025-06-05 00:09:38', '2025-06-05 00:09:38'),
(73, 73, 'Short Order Cook', '$50,000 USD', '2025-06-05 00:09:38', '2025-06-05 00:09:38'),
(74, 74, 'Power Generating Plant Operator', '$50,000 USD', '2025-06-05 00:09:38', '2025-06-05 00:09:38'),
(75, 75, 'Aircraft Launch Specialist', '$50,000 USD', '2025-06-05 00:09:38', '2025-06-05 00:09:38'),
(76, 76, 'Chemical Plant Operator', '$50,000 USD', '2025-06-05 00:09:38', '2025-06-05 00:09:38'),
(77, 77, 'Art Director', '$50,000 USD', '2025-06-05 00:09:38', '2025-06-05 00:09:38'),
(78, 78, 'Director Religious Activities', '$50,000 USD', '2025-06-05 00:09:38', '2025-06-05 00:09:38'),
(79, 79, 'Electrical Drafter', '$50,000 USD', '2025-06-05 00:09:38', '2025-06-05 00:09:38'),
(80, 80, 'Radiation Therapist', '$50,000 USD', '2025-06-05 00:09:38', '2025-06-05 00:09:38'),
(81, 81, 'Storage Manager OR Distribution Manager', '$50,000 USD', '2025-06-05 00:09:38', '2025-06-05 00:09:38'),
(82, 82, 'School Bus Driver', '$50,000 USD', '2025-06-05 00:09:38', '2025-06-05 00:09:38'),
(83, 83, 'Roof Bolters Mining', '$50,000 USD', '2025-06-05 00:09:38', '2025-06-05 00:09:38'),
(84, 84, 'Compensation and Benefits Manager', '$50,000 USD', '2025-06-05 00:09:38', '2025-06-05 00:09:38'),
(85, 85, 'Surveying Technician', '$50,000 USD', '2025-06-05 00:09:38', '2025-06-05 00:09:38'),
(86, 86, 'Aircraft Launch Specialist', '$50,000 USD', '2025-06-05 00:09:38', '2025-06-05 00:09:38'),
(87, 87, 'Dental Hygienist', '$50,000 USD', '2025-06-05 00:09:38', '2025-06-05 00:09:38'),
(88, 88, 'Electrical and Electronic Inspector and Tester', '$50,000 USD', '2025-06-05 00:09:38', '2025-06-05 00:09:38'),
(89, 89, 'Hotel Desk Clerk', '$50,000 USD', '2025-06-05 00:09:38', '2025-06-05 00:09:38'),
(90, 90, 'Securities Sales Agent', '$50,000 USD', '2025-06-05 00:09:38', '2025-06-05 00:09:38'),
(91, 91, 'Medical Records Technician', '$50,000 USD', '2025-06-05 00:09:38', '2025-06-05 00:09:38'),
(92, 92, 'Waitress', '$50,000 USD', '2025-06-05 00:09:38', '2025-06-05 00:09:38'),
(93, 93, 'Aviation Inspector', '$50,000 USD', '2025-06-05 00:09:38', '2025-06-05 00:09:38'),
(94, 94, 'Surgical Technologist', '$50,000 USD', '2025-06-05 00:09:38', '2025-06-05 00:09:38'),
(95, 95, 'Telemarketer', '$50,000 USD', '2025-06-05 00:09:38', '2025-06-05 00:09:38'),
(96, 96, 'Copy Machine Operator', '$50,000 USD', '2025-06-05 00:09:38', '2025-06-05 00:09:38'),
(97, 97, 'Training Manager OR Development Manager', '$50,000 USD', '2025-06-05 00:09:38', '2025-06-05 00:09:38'),
(98, 98, 'Nursery Manager', '$50,000 USD', '2025-06-05 00:09:38', '2025-06-05 00:09:38'),
(99, 99, 'Diamond Worker', '$50,000 USD', '2025-06-05 00:09:38', '2025-06-05 00:09:38'),
(100, 100, 'Physical Therapist', '$50,000 USD', '2025-06-05 00:09:38', '2025-06-05 00:09:38'),
(101, 101, 'Curator', '$50,000 USD', '2025-06-05 00:09:38', '2025-06-05 00:09:38'),
(102, 102, 'Funeral Director', '$50,000 USD', '2025-06-05 00:09:38', '2025-06-05 00:09:38'),
(103, 103, 'Education Administrator', '$50,000 USD', '2025-06-05 00:09:38', '2025-06-05 00:09:38'),
(104, 104, 'Park Naturalist', '$50,000 USD', '2025-06-05 00:09:38', '2025-06-05 00:09:38'),
(105, 105, 'Home', '$50,000 USD', '2025-06-05 00:09:38', '2025-06-05 00:09:38'),
(106, 106, 'Heavy Equipment Mechanic', '$50,000 USD', '2025-06-05 00:09:38', '2025-06-05 00:09:38'),
(107, 107, 'Physician', '$50,000 USD', '2025-06-05 00:09:38', '2025-06-05 00:09:38'),
(108, 108, 'Slot Key Person', '$50,000 USD', '2025-06-05 00:09:38', '2025-06-05 00:09:38'),
(109, 109, 'Statement Clerk', '$50,000 USD', '2025-06-05 00:09:38', '2025-06-05 00:09:38'),
(110, 110, 'Interaction Designer', '$50,000 USD', '2025-06-05 00:09:38', '2025-06-05 00:09:38'),
(111, 111, 'Material Moving Worker', '$50,000 USD', '2025-06-05 00:09:38', '2025-06-05 00:09:38'),
(112, 112, 'Mine Cutting Machine Operator', '$50,000 USD', '2025-06-05 00:09:38', '2025-06-05 00:09:38'),
(113, 113, 'Carpet Installer', '$50,000 USD', '2025-06-05 00:09:38', '2025-06-05 00:09:38'),
(114, 114, 'Numerical Control Machine Tool Operator', '$50,000 USD', '2025-06-05 00:09:38', '2025-06-05 00:09:38'),
(115, 115, 'Tool Set-Up Operator', '$50,000 USD', '2025-06-05 00:09:38', '2025-06-05 00:09:38'),
(116, 116, 'Short Order Cook', '$50,000 USD', '2025-06-05 00:09:38', '2025-06-05 00:09:38'),
(117, 117, 'Animal Husbandry Worker', '$50,000 USD', '2025-06-05 00:09:38', '2025-06-05 00:09:38'),
(118, 118, 'School Bus Driver', '$50,000 USD', '2025-06-05 00:09:38', '2025-06-05 00:09:38'),
(119, 119, 'Municipal Court Clerk', '$50,000 USD', '2025-06-05 00:09:38', '2025-06-05 00:09:38'),
(120, 120, 'Nutritionist', '$50,000 USD', '2025-06-05 00:09:38', '2025-06-05 00:09:38'),
(121, 121, 'Mining Engineer OR Geological Engineer', '$50,000 USD', '2025-06-05 00:09:38', '2025-06-05 00:09:38'),
(122, 122, 'Director Of Social Media Marketing', '$50,000 USD', '2025-06-05 00:09:38', '2025-06-05 00:09:38'),
(123, 123, 'Cost Estimator', '$50,000 USD', '2025-06-05 00:09:38', '2025-06-05 00:09:38'),
(124, 124, 'Audiologist', '$50,000 USD', '2025-06-05 00:09:38', '2025-06-05 00:09:38'),
(125, 125, 'Solderer', '$50,000 USD', '2025-06-05 00:09:38', '2025-06-05 00:09:38'),
(126, 126, 'Adjustment Clerk', '$50,000 USD', '2025-06-05 00:09:38', '2025-06-05 00:09:38'),
(127, 127, 'Marking Machine Operator', '$50,000 USD', '2025-06-05 00:09:38', '2025-06-05 00:09:38'),
(128, 128, 'Entertainer and Performer', '$50,000 USD', '2025-06-05 00:09:38', '2025-06-05 00:09:38'),
(129, 129, 'Production Planner', '$50,000 USD', '2025-06-05 00:09:38', '2025-06-05 00:09:38'),
(130, 130, 'Tool Set-Up Operator', '$50,000 USD', '2025-06-05 00:09:38', '2025-06-05 00:09:38'),
(131, 131, 'Administrative Services Manager', '$50,000 USD', '2025-06-05 00:09:38', '2025-06-05 00:09:38'),
(132, 132, 'Lay-Out Worker', '$50,000 USD', '2025-06-05 00:09:38', '2025-06-05 00:09:38'),
(133, 133, 'Drywall Ceiling Tile Installer', '$50,000 USD', '2025-06-05 00:09:38', '2025-06-05 00:09:38'),
(134, 134, 'Government', '$50,000 USD', '2025-06-05 00:09:38', '2025-06-05 00:09:38'),
(135, 135, 'Singer', '$50,000 USD', '2025-06-05 00:09:38', '2025-06-05 00:09:38'),
(136, 136, 'Agricultural Science Technician', '$50,000 USD', '2025-06-05 00:09:38', '2025-06-05 00:09:38'),
(137, 137, 'Jeweler', '$50,000 USD', '2025-06-05 00:09:38', '2025-06-05 00:09:38'),
(138, 138, 'Cutting Machine Operator', '$50,000 USD', '2025-06-05 00:09:38', '2025-06-05 00:09:38'),
(139, 139, 'Restaurant Cook', '$50,000 USD', '2025-06-05 00:09:38', '2025-06-05 00:09:38'),
(140, 140, 'Foreign Language Teacher', '$50,000 USD', '2025-06-05 00:09:38', '2025-06-05 00:09:38'),
(141, 141, 'Food Servers', '$50,000 USD', '2025-06-05 00:09:38', '2025-06-05 00:09:38'),
(142, 142, 'Fiber Product Cutting Machine Operator', '$50,000 USD', '2025-06-05 00:09:38', '2025-06-05 00:09:38'),
(143, 143, 'Actuary', '$50,000 USD', '2025-06-05 00:09:38', '2025-06-05 00:09:38'),
(144, 144, 'Housekeeper', '$50,000 USD', '2025-06-05 00:09:38', '2025-06-05 00:09:38'),
(145, 145, 'Diesel Engine Specialist', '$50,000 USD', '2025-06-05 00:09:38', '2025-06-05 00:09:38'),
(146, 146, 'Education Administrator', '$50,000 USD', '2025-06-05 00:09:38', '2025-06-05 00:09:38'),
(147, 147, 'Clerk', '$50,000 USD', '2025-06-05 00:09:38', '2025-06-05 00:09:38'),
(148, 148, 'Fence Erector', '$50,000 USD', '2025-06-05 00:09:38', '2025-06-05 00:09:38'),
(149, 149, 'Police Detective', '$50,000 USD', '2025-06-05 00:09:38', '2025-06-05 00:09:38'),
(150, 150, 'Veterinarian', '$50,000 USD', '2025-06-05 00:09:38', '2025-06-05 00:09:38'),
(151, 151, 'Washing Equipment Operator', '$50,000 USD', '2025-06-05 00:09:38', '2025-06-05 00:09:38'),
(152, 152, 'Real Estate Association Manager', '$50,000 USD', '2025-06-05 00:09:38', '2025-06-05 00:09:38'),
(153, 153, 'Probation Officers and Correctional Treatment Specialist', '$50,000 USD', '2025-06-05 00:09:38', '2025-06-05 00:09:38'),
(154, 154, 'Child Care', '$50,000 USD', '2025-06-05 00:09:38', '2025-06-05 00:09:38'),
(155, 155, 'Boiler Operator', '$50,000 USD', '2025-06-05 00:09:38', '2025-06-05 00:09:38'),
(156, 156, 'Pharmacist', '$50,000 USD', '2025-06-05 00:09:38', '2025-06-05 00:09:38'),
(157, 157, 'CFO', '$50,000 USD', '2025-06-05 00:09:38', '2025-06-05 00:09:38'),
(158, 158, 'Postal Service Clerk', '$50,000 USD', '2025-06-05 00:09:38', '2025-06-05 00:09:38'),
(159, 159, 'Survey Researcher', '$50,000 USD', '2025-06-05 00:09:38', '2025-06-05 00:09:38'),
(160, 160, 'Plating Machine Operator', '$50,000 USD', '2025-06-05 00:09:38', '2025-06-05 00:09:38'),
(161, 161, 'Lawn Service Manager', '$50,000 USD', '2025-06-05 00:09:38', '2025-06-05 00:09:38'),
(162, 162, 'Boat Builder and Shipwright', '$50,000 USD', '2025-06-05 00:09:38', '2025-06-05 00:09:38'),
(163, 163, 'Transportation Worker', '$50,000 USD', '2025-06-05 00:09:38', '2025-06-05 00:09:38'),
(164, 164, 'Admin', '$50,000 USD', '2025-06-05 00:09:38', '2025-06-05 00:09:38'),
(165, 165, 'Taper', '$50,000 USD', '2025-06-05 00:09:38', '2025-06-05 00:09:38'),
(166, 166, 'Short Order Cook', '$50,000 USD', '2025-06-05 00:09:38', '2025-06-05 00:09:38'),
(167, 167, 'Veterinary Assistant OR Laboratory Animal Caretaker', '$50,000 USD', '2025-06-05 00:09:38', '2025-06-05 00:09:38'),
(168, 168, 'Administrative Services Manager', '$50,000 USD', '2025-06-05 00:09:38', '2025-06-05 00:09:38'),
(169, 169, 'Textile Worker', '$50,000 USD', '2025-06-05 00:09:38', '2025-06-05 00:09:38'),
(170, 170, 'Biochemist', '$50,000 USD', '2025-06-05 00:09:38', '2025-06-05 00:09:38'),
(171, 171, 'Maintenance Worker', '$50,000 USD', '2025-06-05 00:09:38', '2025-06-05 00:09:38'),
(172, 172, 'Space Sciences Teacher', '$50,000 USD', '2025-06-05 00:09:38', '2025-06-05 00:09:38'),
(173, 173, 'Food Science Technician', '$50,000 USD', '2025-06-05 00:09:38', '2025-06-05 00:09:38'),
(174, 174, 'Physician', '$50,000 USD', '2025-06-05 00:09:38', '2025-06-05 00:09:38'),
(175, 175, 'Carver', '$50,000 USD', '2025-06-05 00:09:38', '2025-06-05 00:09:38'),
(176, 176, 'Museum Conservator', '$50,000 USD', '2025-06-05 00:09:38', '2025-06-05 00:09:38'),
(177, 177, 'Continuous Mining Machine Operator', '$50,000 USD', '2025-06-05 00:09:38', '2025-06-05 00:09:38'),
(178, 178, 'Office Machine Operator', '$50,000 USD', '2025-06-05 00:09:38', '2025-06-05 00:09:38'),
(179, 179, 'Respiratory Therapist', '$50,000 USD', '2025-06-05 00:09:38', '2025-06-05 00:09:38'),
(180, 180, 'HR Specialist', '$50,000 USD', '2025-06-05 00:09:38', '2025-06-05 00:09:38'),
(181, 181, 'Textile Knitting Machine Operator', '$50,000 USD', '2025-06-05 00:09:38', '2025-06-05 00:09:38'),
(182, 182, 'Compliance Officers', '$50,000 USD', '2025-06-05 00:09:38', '2025-06-05 00:09:38'),
(183, 183, 'Claims Examiner', '$50,000 USD', '2025-06-05 00:09:38', '2025-06-05 00:09:38'),
(184, 184, 'Lawn Service Manager', '$50,000 USD', '2025-06-05 00:09:38', '2025-06-05 00:09:38'),
(185, 185, 'Tire Builder', '$50,000 USD', '2025-06-05 00:09:38', '2025-06-05 00:09:38'),
(186, 186, 'Music Arranger and Orchestrator', '$50,000 USD', '2025-06-05 00:09:38', '2025-06-05 00:09:38'),
(187, 187, 'Shuttle Car Operator', '$50,000 USD', '2025-06-05 00:09:38', '2025-06-05 00:09:38'),
(188, 188, 'Algorithm Developer', '$50,000 USD', '2025-06-05 00:09:38', '2025-06-05 00:09:38'),
(189, 189, 'Extraction Worker', '$50,000 USD', '2025-06-05 00:09:38', '2025-06-05 00:09:38'),
(190, 190, 'Word Processors and Typist', '$50,000 USD', '2025-06-05 00:09:38', '2025-06-05 00:09:38'),
(191, 191, 'Chiropractor', '$50,000 USD', '2025-06-05 00:09:38', '2025-06-05 00:09:38'),
(192, 192, 'Benefits Specialist', '$50,000 USD', '2025-06-05 00:09:38', '2025-06-05 00:09:38'),
(193, 193, 'Supervisor Fire Fighting Worker', '$50,000 USD', '2025-06-05 00:09:38', '2025-06-05 00:09:38'),
(194, 194, 'Earth Driller', '$50,000 USD', '2025-06-05 00:09:38', '2025-06-05 00:09:38'),
(195, 195, 'Maintenance and Repair Worker', '$50,000 USD', '2025-06-05 00:09:38', '2025-06-05 00:09:38'),
(196, 196, 'Surveying and Mapping Technician', '$50,000 USD', '2025-06-05 00:09:38', '2025-06-05 00:09:38'),
(197, 197, 'Vice President Of Human Resources', '$50,000 USD', '2025-06-05 00:09:38', '2025-06-05 00:09:38'),
(198, 198, 'Mixing and Blending Machine Operator', '$50,000 USD', '2025-06-05 00:09:38', '2025-06-05 00:09:38'),
(199, 199, 'Casting Machine Set-Up Operator', '$50,000 USD', '2025-06-05 00:09:38', '2025-06-05 00:09:38'),
(200, 200, 'Interpreter OR Translator', '$50,000 USD', '2025-06-05 00:09:38', '2025-06-05 00:09:38'),
(201, 201, 'Electrical Power-Line Installer', '$50,000 USD', '2025-06-05 00:16:29', '2025-06-05 00:16:29'),
(202, 202, 'Watch Repairer', '$50,000 USD', '2025-06-05 00:16:29', '2025-06-05 00:16:29'),
(203, 203, 'Typesetting Machine Operator', '$50,000 USD', '2025-06-05 00:16:29', '2025-06-05 00:16:29'),
(204, 204, 'Parking Lot Attendant', '$50,000 USD', '2025-06-05 00:16:29', '2025-06-05 00:16:29'),
(205, 205, 'Insurance Sales Agent', '$50,000 USD', '2025-06-05 00:16:29', '2025-06-05 00:16:29'),
(206, 206, 'CFO', '$50,000 USD', '2025-06-05 00:16:29', '2025-06-05 00:16:29'),
(207, 207, 'Petroleum Engineer', '$50,000 USD', '2025-06-05 00:16:29', '2025-06-05 00:16:29'),
(208, 208, 'Lifeguard', '$50,000 USD', '2025-06-05 00:16:29', '2025-06-05 00:16:29'),
(209, 209, 'Healthcare Practitioner', '$50,000 USD', '2025-06-05 00:16:29', '2025-06-05 00:16:29'),
(210, 210, 'Host and Hostess', '$50,000 USD', '2025-06-05 00:16:29', '2025-06-05 00:16:29'),
(211, 211, 'Management Analyst', '$50,000 USD', '2025-06-05 00:16:29', '2025-06-05 00:16:29'),
(212, 212, 'Talent Acquisition Manager', '$50,000 USD', '2025-06-05 00:16:29', '2025-06-05 00:16:29'),
(213, 213, 'Artillery Officer', '$50,000 USD', '2025-06-05 00:16:29', '2025-06-05 00:16:29'),
(214, 214, 'Technical Director', '$50,000 USD', '2025-06-05 00:16:29', '2025-06-05 00:16:29'),
(215, 215, 'Motorboat Mechanic', '$50,000 USD', '2025-06-05 00:16:29', '2025-06-05 00:16:29'),
(216, 216, 'Sewing Machine Operator', '$50,000 USD', '2025-06-05 00:16:29', '2025-06-05 00:16:29'),
(217, 217, 'Supervisor of Police', '$50,000 USD', '2025-06-05 00:16:29', '2025-06-05 00:16:29'),
(218, 218, 'Loan Interviewer', '$50,000 USD', '2025-06-05 00:16:29', '2025-06-05 00:16:29'),
(219, 219, 'Health Technologist', '$50,000 USD', '2025-06-05 00:16:29', '2025-06-05 00:16:29'),
(220, 220, 'CFO', '$50,000 USD', '2025-06-05 00:16:29', '2025-06-05 00:16:29'),
(221, 221, 'Insurance Appraiser', '$50,000 USD', '2025-06-05 00:16:29', '2025-06-05 00:16:29'),
(222, 222, 'Crossing Guard', '$50,000 USD', '2025-06-05 00:16:29', '2025-06-05 00:16:29'),
(223, 223, 'Health Technologist', '$50,000 USD', '2025-06-05 00:16:29', '2025-06-05 00:16:29'),
(224, 224, 'Infantry Officer', '$50,000 USD', '2025-06-05 00:16:29', '2025-06-05 00:16:29'),
(225, 225, 'Cook', '$50,000 USD', '2025-06-05 00:16:29', '2025-06-05 00:16:29'),
(226, 226, 'Janitorial Supervisor', '$50,000 USD', '2025-06-05 00:16:29', '2025-06-05 00:16:29'),
(227, 227, 'Agricultural Technician', '$50,000 USD', '2025-06-05 00:16:29', '2025-06-05 00:16:29'),
(228, 228, 'Costume Attendant', '$50,000 USD', '2025-06-05 00:16:29', '2025-06-05 00:16:29'),
(229, 229, 'Aerospace Engineer', '$50,000 USD', '2025-06-05 00:16:29', '2025-06-05 00:16:29'),
(230, 230, 'Pediatricians', '$50,000 USD', '2025-06-05 00:16:29', '2025-06-05 00:16:29'),
(231, 231, 'Soil Scientist OR Plant Scientist', '$50,000 USD', '2025-06-05 00:16:29', '2025-06-05 00:16:29'),
(232, 232, 'Farm Equipment Mechanic', '$50,000 USD', '2025-06-05 00:16:29', '2025-06-05 00:16:29'),
(233, 233, 'Title Abstractor', '$50,000 USD', '2025-06-05 00:16:29', '2025-06-05 00:16:29'),
(234, 234, 'Training Manager OR Development Manager', '$50,000 USD', '2025-06-05 00:16:29', '2025-06-05 00:16:29'),
(235, 235, 'Mining Engineer OR Geological Engineer', '$50,000 USD', '2025-06-05 00:16:29', '2025-06-05 00:16:29'),
(236, 236, 'Epidemiologist', '$50,000 USD', '2025-06-05 00:16:29', '2025-06-05 00:16:29'),
(237, 237, 'Coremaking Machine Operator', '$50,000 USD', '2025-06-05 00:16:29', '2025-06-05 00:16:29'),
(238, 238, 'Archeologist', '$50,000 USD', '2025-06-05 00:16:29', '2025-06-05 00:16:29'),
(239, 239, 'Sales and Related Workers', '$50,000 USD', '2025-06-05 00:16:29', '2025-06-05 00:16:29'),
(240, 240, 'Maintenance Supervisor', '$50,000 USD', '2025-06-05 00:16:29', '2025-06-05 00:16:29'),
(241, 241, 'Construction Manager', '$50,000 USD', '2025-06-05 00:16:29', '2025-06-05 00:16:29'),
(242, 242, 'Business Manager', '$50,000 USD', '2025-06-05 00:16:29', '2025-06-05 00:16:29'),
(243, 243, 'Embossing Machine Operator', '$50,000 USD', '2025-06-05 00:16:29', '2025-06-05 00:16:29'),
(244, 244, 'Freight and Material Mover', '$50,000 USD', '2025-06-05 00:16:29', '2025-06-05 00:16:29'),
(245, 245, 'Pantograph Engraver', '$50,000 USD', '2025-06-05 00:16:29', '2025-06-05 00:16:29'),
(246, 246, 'Nuclear Equipment Operation Technician', '$50,000 USD', '2025-06-05 00:16:29', '2025-06-05 00:16:29'),
(247, 247, 'Business Teacher', '$50,000 USD', '2025-06-05 00:16:29', '2025-06-05 00:16:29'),
(248, 248, 'Counseling Psychologist', '$50,000 USD', '2025-06-05 00:16:29', '2025-06-05 00:16:29'),
(249, 249, 'Ship Mates', '$50,000 USD', '2025-06-05 00:16:29', '2025-06-05 00:16:29'),
(250, 250, 'Tour Guide', '$50,000 USD', '2025-06-05 00:16:29', '2025-06-05 00:16:29'),
(251, 251, 'Transportation and Material-Moving', '$50,000 USD', '2025-06-05 00:16:29', '2025-06-05 00:16:29'),
(252, 252, 'Photoengraving Machine Operator', '$50,000 USD', '2025-06-05 00:16:29', '2025-06-05 00:16:29'),
(253, 253, 'Punching Machine Setters', '$50,000 USD', '2025-06-05 00:16:29', '2025-06-05 00:16:29'),
(254, 254, 'Professional Photographer', '$50,000 USD', '2025-06-05 00:16:29', '2025-06-05 00:16:29'),
(255, 255, 'Tool Sharpener', '$50,000 USD', '2025-06-05 00:16:29', '2025-06-05 00:16:29'),
(256, 256, 'Postal Service Mail Carrier', '$50,000 USD', '2025-06-05 00:16:29', '2025-06-05 00:16:29'),
(257, 257, 'Electrical and Electronic Inspector and Tester', '$50,000 USD', '2025-06-05 00:16:29', '2025-06-05 00:16:29'),
(258, 258, 'Gaming Cage Worker', '$50,000 USD', '2025-06-05 00:16:29', '2025-06-05 00:16:29'),
(259, 259, 'Shipping and Receiving Clerk', '$50,000 USD', '2025-06-05 00:16:29', '2025-06-05 00:16:29'),
(260, 260, 'Food Tobacco Roasting', '$50,000 USD', '2025-06-05 00:16:29', '2025-06-05 00:16:29'),
(261, 261, 'Welding Machine Tender', '$50,000 USD', '2025-06-05 00:16:29', '2025-06-05 00:16:29'),
(262, 262, 'Occupational Therapist Assistant', '$50,000 USD', '2025-06-05 00:16:29', '2025-06-05 00:16:29'),
(263, 263, 'Visual Designer', '$50,000 USD', '2025-06-05 00:16:29', '2025-06-05 00:16:29'),
(264, 264, 'Nuclear Medicine Technologist', '$50,000 USD', '2025-06-05 00:16:29', '2025-06-05 00:16:29'),
(265, 265, 'Biological Science Teacher', '$50,000 USD', '2025-06-05 00:16:29', '2025-06-05 00:16:29'),
(266, 266, 'Patrol Officer', '$50,000 USD', '2025-06-05 00:16:29', '2025-06-05 00:16:29'),
(267, 267, 'Mathematical Science Teacher', '$50,000 USD', '2025-06-05 00:16:29', '2025-06-05 00:16:29'),
(268, 268, 'Gaming Manager', '$50,000 USD', '2025-06-05 00:16:29', '2025-06-05 00:16:29'),
(269, 269, 'Home Entertainment Equipment Installer', '$50,000 USD', '2025-06-05 00:16:29', '2025-06-05 00:16:29'),
(270, 270, 'Model Maker', '$50,000 USD', '2025-06-05 00:16:29', '2025-06-05 00:16:29'),
(271, 271, 'Private Sector Executive', '$50,000 USD', '2025-06-05 00:16:29', '2025-06-05 00:16:29'),
(272, 272, 'Manufactured Building Installer', '$50,000 USD', '2025-06-05 00:16:29', '2025-06-05 00:16:29'),
(273, 273, 'Business Operations Specialist', '$50,000 USD', '2025-06-05 00:16:29', '2025-06-05 00:16:29'),
(274, 274, 'Illustrator', '$50,000 USD', '2025-06-05 00:16:29', '2025-06-05 00:16:29'),
(275, 275, 'Radio Mechanic', '$50,000 USD', '2025-06-05 00:16:29', '2025-06-05 00:16:29'),
(276, 276, 'Animal Care Workers', '$50,000 USD', '2025-06-05 00:16:29', '2025-06-05 00:16:29'),
(277, 277, 'Airline Pilot OR Copilot OR Flight Engineer', '$50,000 USD', '2025-06-05 00:16:29', '2025-06-05 00:16:29'),
(278, 278, 'Communications Equipment Operator', '$50,000 USD', '2025-06-05 00:16:29', '2025-06-05 00:16:29'),
(279, 279, 'Tile Setter OR Marble Setter', '$50,000 USD', '2025-06-05 00:16:29', '2025-06-05 00:16:29'),
(280, 280, 'Dispatcher', '$50,000 USD', '2025-06-05 00:16:29', '2025-06-05 00:16:29'),
(281, 281, 'Director Of Marketing', '$50,000 USD', '2025-06-05 00:16:29', '2025-06-05 00:16:29'),
(282, 282, 'Fire Inspector', '$50,000 USD', '2025-06-05 00:16:29', '2025-06-05 00:16:29'),
(283, 283, 'Stringed Instrument Repairer and Tuner', '$50,000 USD', '2025-06-05 00:16:29', '2025-06-05 00:16:29'),
(284, 284, 'Chemistry Teacher', '$50,000 USD', '2025-06-05 00:16:29', '2025-06-05 00:16:29'),
(285, 285, 'Lay-Out Worker', '$50,000 USD', '2025-06-05 00:16:29', '2025-06-05 00:16:29'),
(286, 286, 'Photographic Developer', '$50,000 USD', '2025-06-05 00:16:29', '2025-06-05 00:16:29'),
(287, 287, 'Composer', '$50,000 USD', '2025-06-05 00:16:29', '2025-06-05 00:16:29'),
(288, 288, 'Library Worker', '$50,000 USD', '2025-06-05 00:16:29', '2025-06-05 00:16:29'),
(289, 289, 'Packer and Packager', '$50,000 USD', '2025-06-05 00:16:29', '2025-06-05 00:16:29'),
(290, 290, 'Animal Husbandry Worker', '$50,000 USD', '2025-06-05 00:16:29', '2025-06-05 00:16:29'),
(291, 291, 'Assembler', '$50,000 USD', '2025-06-05 00:16:29', '2025-06-05 00:16:29'),
(292, 292, 'Communications Equipment Operator', '$50,000 USD', '2025-06-05 00:16:29', '2025-06-05 00:16:29'),
(293, 293, 'Director Of Business Development', '$50,000 USD', '2025-06-05 00:16:29', '2025-06-05 00:16:29'),
(294, 294, 'CSI', '$50,000 USD', '2025-06-05 00:16:29', '2025-06-05 00:16:29'),
(295, 295, 'Precision Dyer', '$50,000 USD', '2025-06-05 00:16:29', '2025-06-05 00:16:29'),
(296, 296, 'Truck Driver', '$50,000 USD', '2025-06-05 00:16:29', '2025-06-05 00:16:29'),
(297, 297, 'Health Technologist', '$50,000 USD', '2025-06-05 00:16:29', '2025-06-05 00:16:29'),
(298, 298, 'Audio-Visual Collections Specialist', '$50,000 USD', '2025-06-05 00:16:29', '2025-06-05 00:16:29'),
(299, 299, 'General Farmworker', '$50,000 USD', '2025-06-05 00:16:29', '2025-06-05 00:16:29'),
(300, 300, 'Police Identification OR Records Officer', '$50,000 USD', '2025-06-05 00:16:29', '2025-06-05 00:16:29'),
(301, 301, 'Mathematical Science Teacher', '$50,000 USD', '2025-06-05 00:16:29', '2025-06-05 00:16:29'),
(302, 302, 'Aircraft Body Repairer', '$50,000 USD', '2025-06-05 00:16:29', '2025-06-05 00:16:29'),
(303, 303, 'Network Admin OR Computer Systems Administrator', '$50,000 USD', '2025-06-05 00:16:29', '2025-06-05 00:16:29'),
(304, 304, 'Oil and gas Operator', '$50,000 USD', '2025-06-05 00:16:29', '2025-06-05 00:16:29'),
(305, 305, 'Barber', '$50,000 USD', '2025-06-05 00:16:29', '2025-06-05 00:16:29'),
(306, 306, 'Animal Scientist', '$50,000 USD', '2025-06-05 00:16:29', '2025-06-05 00:16:29'),
(307, 307, 'Precision Mold and Pattern Caster', '$50,000 USD', '2025-06-05 00:16:29', '2025-06-05 00:16:29'),
(308, 308, 'Pesticide Sprayer', '$50,000 USD', '2025-06-05 00:16:29', '2025-06-05 00:16:29'),
(309, 309, 'Concierge', '$50,000 USD', '2025-06-05 00:16:29', '2025-06-05 00:16:29'),
(310, 310, 'Pipelayer', '$50,000 USD', '2025-06-05 00:16:29', '2025-06-05 00:16:29'),
(311, 311, 'Singer', '$50,000 USD', '2025-06-05 00:16:29', '2025-06-05 00:16:29'),
(312, 312, 'TSA', '$50,000 USD', '2025-06-05 00:16:29', '2025-06-05 00:16:29'),
(313, 313, 'Nuclear Monitoring Technician', '$50,000 USD', '2025-06-05 00:16:29', '2025-06-05 00:16:29'),
(314, 314, 'Forensic Science Technician', '$50,000 USD', '2025-06-05 00:16:29', '2025-06-05 00:16:29'),
(315, 315, 'Atmospheric and Space Scientist', '$50,000 USD', '2025-06-05 00:16:29', '2025-06-05 00:16:29'),
(316, 316, 'Extruding Machine Operator', '$50,000 USD', '2025-06-05 00:16:29', '2025-06-05 00:16:29'),
(317, 317, 'Record Clerk', '$50,000 USD', '2025-06-05 00:16:29', '2025-06-05 00:16:29'),
(318, 318, 'Sailor', '$50,000 USD', '2025-06-05 00:16:29', '2025-06-05 00:16:29'),
(319, 319, 'Fire Investigator', '$50,000 USD', '2025-06-05 00:16:29', '2025-06-05 00:16:29'),
(320, 320, 'Personal Financial Advisor', '$50,000 USD', '2025-06-05 00:16:29', '2025-06-05 00:16:29'),
(321, 321, 'Geoscientists', '$50,000 USD', '2025-06-05 00:16:29', '2025-06-05 00:16:29'),
(322, 322, 'Singer', '$50,000 USD', '2025-06-05 00:16:29', '2025-06-05 00:16:29'),
(323, 323, 'Maintenance and Repair Worker', '$50,000 USD', '2025-06-05 00:16:29', '2025-06-05 00:16:29'),
(324, 324, 'Restaurant Cook', '$50,000 USD', '2025-06-05 00:16:29', '2025-06-05 00:16:29'),
(325, 325, 'Credit Analyst', '$50,000 USD', '2025-06-05 00:16:29', '2025-06-05 00:16:29'),
(326, 326, 'Lawn Service Manager', '$50,000 USD', '2025-06-05 00:16:29', '2025-06-05 00:16:29'),
(327, 327, 'Medical Scientists', '$50,000 USD', '2025-06-05 00:16:29', '2025-06-05 00:16:29'),
(328, 328, 'Biological Scientist', '$50,000 USD', '2025-06-05 00:16:29', '2025-06-05 00:16:29'),
(329, 329, 'Biological Technician', '$50,000 USD', '2025-06-05 00:16:29', '2025-06-05 00:16:29'),
(330, 330, 'Industrial Engineering Technician', '$50,000 USD', '2025-06-05 00:16:29', '2025-06-05 00:16:29'),
(331, 331, 'Storage Manager OR Distribution Manager', '$50,000 USD', '2025-06-05 00:16:29', '2025-06-05 00:16:29'),
(332, 332, 'HR Manager', '$50,000 USD', '2025-06-05 00:16:29', '2025-06-05 00:16:29'),
(333, 333, 'Communication Equipment Worker', '$50,000 USD', '2025-06-05 00:16:29', '2025-06-05 00:16:29'),
(334, 334, 'Material Moving Worker', '$50,000 USD', '2025-06-05 00:16:29', '2025-06-05 00:16:29'),
(335, 335, 'Biomedical Engineer', '$50,000 USD', '2025-06-05 00:16:29', '2025-06-05 00:16:29'),
(336, 336, 'Rail Transportation Worker', '$50,000 USD', '2025-06-05 00:16:29', '2025-06-05 00:16:29'),
(337, 337, 'Ship Captain', '$50,000 USD', '2025-06-05 00:16:29', '2025-06-05 00:16:29'),
(338, 338, 'Production Inspector', '$50,000 USD', '2025-06-05 00:16:29', '2025-06-05 00:16:29'),
(339, 339, 'Interior Designer', '$50,000 USD', '2025-06-05 00:16:29', '2025-06-05 00:16:29'),
(340, 340, 'Network Systems Analyst', '$50,000 USD', '2025-06-05 00:16:29', '2025-06-05 00:16:29'),
(341, 341, 'Carpet Installer', '$50,000 USD', '2025-06-05 00:16:29', '2025-06-05 00:16:29'),
(342, 342, 'Boilermaker', '$50,000 USD', '2025-06-05 00:16:29', '2025-06-05 00:16:29'),
(343, 343, 'Conservation Scientist', '$50,000 USD', '2025-06-05 00:16:29', '2025-06-05 00:16:29'),
(344, 344, 'Set and Exhibit Designer', '$50,000 USD', '2025-06-05 00:16:29', '2025-06-05 00:16:29'),
(345, 345, 'Financial Manager', '$50,000 USD', '2025-06-05 00:16:29', '2025-06-05 00:16:29'),
(346, 346, 'Drafter', '$50,000 USD', '2025-06-05 00:16:29', '2025-06-05 00:16:29'),
(347, 347, 'Logging Tractor Operator', '$50,000 USD', '2025-06-05 00:16:29', '2025-06-05 00:16:29'),
(348, 348, 'Plating Operator', '$50,000 USD', '2025-06-05 00:16:29', '2025-06-05 00:16:29'),
(349, 349, 'Pipefitter', '$50,000 USD', '2025-06-05 00:16:29', '2025-06-05 00:16:29'),
(350, 350, 'Pipefitter', '$50,000 USD', '2025-06-05 00:16:29', '2025-06-05 00:16:29'),
(351, 351, 'Pharmacy Technician', '$50,000 USD', '2025-06-05 00:16:29', '2025-06-05 00:16:29'),
(352, 352, 'Drafter', '$50,000 USD', '2025-06-05 00:16:29', '2025-06-05 00:16:29'),
(353, 353, 'Taxi Drivers and Chauffeur', '$50,000 USD', '2025-06-05 00:16:29', '2025-06-05 00:16:29'),
(354, 354, 'Tractor-Trailer Truck Driver', '$50,000 USD', '2025-06-05 00:16:29', '2025-06-05 00:16:29'),
(355, 355, 'Pipe Fitter', '$50,000 USD', '2025-06-05 00:16:29', '2025-06-05 00:16:29'),
(356, 356, 'Bridge Tender OR Lock Tender', '$50,000 USD', '2025-06-05 00:16:29', '2025-06-05 00:16:29'),
(357, 357, 'Business Teacher', '$50,000 USD', '2025-06-05 00:16:29', '2025-06-05 00:16:29'),
(358, 358, 'Electro-Mechanical Technician', '$50,000 USD', '2025-06-05 00:16:29', '2025-06-05 00:16:29'),
(359, 359, 'Marine Oiler', '$50,000 USD', '2025-06-05 00:16:29', '2025-06-05 00:16:29'),
(360, 360, 'Elementary School Teacher', '$50,000 USD', '2025-06-05 00:16:29', '2025-06-05 00:16:29'),
(361, 361, 'Loan Officer', '$50,000 USD', '2025-06-05 00:16:29', '2025-06-05 00:16:29'),
(362, 362, 'Child Care', '$50,000 USD', '2025-06-05 00:16:29', '2025-06-05 00:16:29'),
(363, 363, 'Physician Assistant', '$50,000 USD', '2025-06-05 00:16:29', '2025-06-05 00:16:29'),
(364, 364, 'Sales Engineer', '$50,000 USD', '2025-06-05 00:16:29', '2025-06-05 00:16:29'),
(365, 365, 'Welder', '$50,000 USD', '2025-06-05 00:16:29', '2025-06-05 00:16:29'),
(366, 366, 'Printing Press Machine Operator', '$50,000 USD', '2025-06-05 00:16:29', '2025-06-05 00:16:29'),
(367, 367, 'Crossing Guard', '$50,000 USD', '2025-06-05 00:16:29', '2025-06-05 00:16:29'),
(368, 368, 'Physical Therapist Aide', '$50,000 USD', '2025-06-05 00:16:29', '2025-06-05 00:16:29'),
(369, 369, 'Recreational Vehicle Service Technician', '$50,000 USD', '2025-06-05 00:16:29', '2025-06-05 00:16:29'),
(370, 370, 'Psychology Teacher', '$50,000 USD', '2025-06-05 00:16:29', '2025-06-05 00:16:29'),
(371, 371, 'Architect', '$50,000 USD', '2025-06-05 00:16:29', '2025-06-05 00:16:29'),
(372, 372, 'Machine Operator', '$50,000 USD', '2025-06-05 00:16:29', '2025-06-05 00:16:29'),
(373, 373, 'Municipal Court Clerk', '$50,000 USD', '2025-06-05 00:16:29', '2025-06-05 00:16:29'),
(374, 374, 'Music Arranger and Orchestrator', '$50,000 USD', '2025-06-05 00:16:29', '2025-06-05 00:16:29'),
(375, 375, 'Receptionist and Information Clerk', '$50,000 USD', '2025-06-05 00:16:29', '2025-06-05 00:16:29'),
(376, 376, 'Paste-Up Worker', '$50,000 USD', '2025-06-05 00:16:29', '2025-06-05 00:16:29'),
(377, 377, 'Pipe Fitter', '$50,000 USD', '2025-06-05 00:16:29', '2025-06-05 00:16:29'),
(378, 378, 'Hunter and Trapper', '$50,000 USD', '2025-06-05 00:16:29', '2025-06-05 00:16:29'),
(379, 379, 'File Clerk', '$50,000 USD', '2025-06-05 00:16:29', '2025-06-05 00:16:29'),
(380, 380, 'Industrial Production Manager', '$50,000 USD', '2025-06-05 00:16:29', '2025-06-05 00:16:29'),
(381, 381, 'Logging Equipment Operator', '$50,000 USD', '2025-06-05 00:16:29', '2025-06-05 00:16:29'),
(382, 382, 'Financial Specialist', '$50,000 USD', '2025-06-05 00:16:29', '2025-06-05 00:16:29'),
(383, 383, 'Mathematical Scientist', '$50,000 USD', '2025-06-05 00:16:29', '2025-06-05 00:16:29'),
(384, 384, 'Telecommunications Line Installer', '$50,000 USD', '2025-06-05 00:16:29', '2025-06-05 00:16:29'),
(385, 385, 'Fashion Model', '$50,000 USD', '2025-06-05 00:16:29', '2025-06-05 00:16:29'),
(386, 386, 'Bailiff', '$50,000 USD', '2025-06-05 00:16:29', '2025-06-05 00:16:29'),
(387, 387, 'Claims Examiner', '$50,000 USD', '2025-06-05 00:16:29', '2025-06-05 00:16:29'),
(388, 388, 'Carpenter Assembler and Repairer', '$50,000 USD', '2025-06-05 00:16:29', '2025-06-05 00:16:29'),
(389, 389, 'Makeup Artists', '$50,000 USD', '2025-06-05 00:16:29', '2025-06-05 00:16:29'),
(390, 390, 'Dot Etcher', '$50,000 USD', '2025-06-05 00:16:29', '2025-06-05 00:16:29'),
(391, 391, 'Director Religious Activities', '$50,000 USD', '2025-06-05 00:16:29', '2025-06-05 00:16:29'),
(392, 392, 'Medical Equipment Preparer', '$50,000 USD', '2025-06-05 00:16:29', '2025-06-05 00:16:29'),
(393, 393, 'Account Manager', '$50,000 USD', '2025-06-05 00:16:29', '2025-06-05 00:16:29'),
(394, 394, 'Platemaker', '$50,000 USD', '2025-06-05 00:16:29', '2025-06-05 00:16:29'),
(395, 395, 'Electro-Mechanical Technician', '$50,000 USD', '2025-06-05 00:16:29', '2025-06-05 00:16:29'),
(396, 396, 'Forensic Investigator', '$50,000 USD', '2025-06-05 00:16:29', '2025-06-05 00:16:29'),
(397, 397, 'Copy Writer', '$50,000 USD', '2025-06-05 00:16:29', '2025-06-05 00:16:29'),
(398, 398, 'Director Of Social Media Marketing', '$50,000 USD', '2025-06-05 00:16:29', '2025-06-05 00:16:29'),
(399, 399, 'Civil Engineering Technician', '$50,000 USD', '2025-06-05 00:16:29', '2025-06-05 00:16:29'),
(400, 400, 'Ship Carpenter and Joiner', '$50,000 USD', '2025-06-05 00:16:29', '2025-06-05 00:16:29');

-- --------------------------------------------------------

--
-- Table structure for table `job_tag`
--

CREATE TABLE `job_tag` (
  `id` bigint UNSIGNED NOT NULL,
  `job_listing_id` bigint UNSIGNED NOT NULL,
  `tag_id` bigint UNSIGNED NOT NULL,
  `created_at` timestamp NULL DEFAULT NULL,
  `updated_at` timestamp NULL DEFAULT NULL
) ENGINE=InnoDB DEFAULT CHARSET=utf8mb4 COLLATE=utf8mb4_unicode_ci;

-- --------------------------------------------------------

--
-- Table structure for table `migrations`
--

CREATE TABLE `migrations` (
  `id` int UNSIGNED NOT NULL,
  `migration` varchar(255) COLLATE utf8mb4_unicode_ci NOT NULL,
  `batch` int NOT NULL
) ENGINE=InnoDB DEFAULT CHARSET=utf8mb4 COLLATE=utf8mb4_unicode_ci;

--
-- Dumping data for table `migrations`
--

INSERT INTO `migrations` (`id`, `migration`, `batch`) VALUES
(1, '0001_01_01_000000_create_users_table', 1),
(2, '0001_01_01_000001_create_cache_table', 1),
(3, '0001_01_01_000002_create_jobs_table', 1),
(4, '2025_06_03_073020_create_job_listings_table', 1),
(5, '2025_06_03_083239_create_post_table', 1),
(6, '2025_06_04_051546_create_employers_table', 1),
(7, '2025_06_04_065839_create_tags_table', 1);

-- --------------------------------------------------------

--
-- Table structure for table `password_reset_tokens`
--

CREATE TABLE `password_reset_tokens` (
  `email` varchar(255) COLLATE utf8mb4_unicode_ci NOT NULL,
  `token` varchar(255) COLLATE utf8mb4_unicode_ci NOT NULL,
  `created_at` timestamp NULL DEFAULT NULL
) ENGINE=InnoDB DEFAULT CHARSET=utf8mb4 COLLATE=utf8mb4_unicode_ci;

-- --------------------------------------------------------

--
-- Table structure for table `post`
--

CREATE TABLE `post` (
  `id` bigint UNSIGNED NOT NULL,
  `title` varchar(255) COLLATE utf8mb4_unicode_ci NOT NULL,
  `body` text COLLATE utf8mb4_unicode_ci NOT NULL,
  `created_at` timestamp NULL DEFAULT NULL,
  `updated_at` timestamp NULL DEFAULT NULL
) ENGINE=InnoDB DEFAULT CHARSET=utf8mb4 COLLATE=utf8mb4_unicode_ci;

-- --------------------------------------------------------

--
-- Table structure for table `sessions`
--

CREATE TABLE `sessions` (
  `id` varchar(255) COLLATE utf8mb4_unicode_ci NOT NULL,
  `user_id` bigint UNSIGNED DEFAULT NULL,
  `ip_address` varchar(45) COLLATE utf8mb4_unicode_ci DEFAULT NULL,
  `user_agent` text COLLATE utf8mb4_unicode_ci,
  `payload` longtext COLLATE utf8mb4_unicode_ci NOT NULL,
  `last_activity` int NOT NULL
) ENGINE=InnoDB DEFAULT CHARSET=utf8mb4 COLLATE=utf8mb4_unicode_ci;

--
-- Dumping data for table `sessions`
--

INSERT INTO `sessions` (`id`, `user_id`, `ip_address`, `user_agent`, `payload`, `last_activity`) VALUES
('twosF7s2lpf7EoUxAz7yYRqtvWNDMs9NjjVa3CZE', NULL, '127.0.0.1', 'Mozilla/5.0 (Windows NT 10.0; Win64; x64) AppleWebKit/537.36 (KHTML, like Gecko) Chrome/136.0.0.0 Safari/537.36', 'YTo0OntzOjY6Il90b2tlbiI7czo0MDoiUFRoY3k0MlpnQXFleXZrd3ZWR09KNHNVSjlXNk13YmJ6cEtNTmh3WCI7czoyMjoiUEhQREVCVUdCQVJfU1RBQ0tfREFUQSI7YTowOnt9czo5OiJfcHJldmlvdXMiO2E6MTp7czozOiJ1cmwiO3M6MzM6Imh0dHA6Ly8xMjcuMC4wLjE6ODAwMC9qb2JzL2NyZWF0ZSI7fXM6NjoiX2ZsYXNoIjthOjI6e3M6Mzoib2xkIjthOjA6e31zOjM6Im5ldyI7YTowOnt9fX0=', 1749113954);

-- --------------------------------------------------------

--
-- Table structure for table `tags`
--

CREATE TABLE `tags` (
  `id` bigint UNSIGNED NOT NULL,
  `name` varchar(255) COLLATE utf8mb4_unicode_ci NOT NULL,
  `created_at` timestamp NULL DEFAULT NULL,
  `updated_at` timestamp NULL DEFAULT NULL
) ENGINE=InnoDB DEFAULT CHARSET=utf8mb4 COLLATE=utf8mb4_unicode_ci;

-- --------------------------------------------------------

--
-- Table structure for table `users`
--

CREATE TABLE `users` (
  `id` bigint UNSIGNED NOT NULL,
  `first_name` varchar(255) COLLATE utf8mb4_unicode_ci NOT NULL,
  `last_name` varchar(255) COLLATE utf8mb4_unicode_ci NOT NULL,
  `email` varchar(255) COLLATE utf8mb4_unicode_ci NOT NULL,
  `email_verified_at` timestamp NULL DEFAULT NULL,
  `password` varchar(255) COLLATE utf8mb4_unicode_ci NOT NULL,
  `remember_token` varchar(100) COLLATE utf8mb4_unicode_ci DEFAULT NULL,
  `created_at` timestamp NULL DEFAULT NULL,
  `updated_at` timestamp NULL DEFAULT NULL
) ENGINE=InnoDB DEFAULT CHARSET=utf8mb4 COLLATE=utf8mb4_unicode_ci;

--
-- Dumping data for table `users`
--

INSERT INTO `users` (`id`, `first_name`, `last_name`, `email`, `email_verified_at`, `password`, `remember_token`, `created_at`, `updated_at`) VALUES
(1, 'Test', 'User', 'test@example.com', '2025-06-05 00:09:37', '$2y$12$nBOVoyy4aQvfPb.JjiWGt.lO2wEMnuZNy7.RU9IZfx89/DXoZTPtO', NULL, '2025-06-05 00:09:37', '2025-06-05 00:09:37');

--
-- Indexes for dumped tables
--

--
-- Indexes for table `cache`
--
ALTER TABLE `cache`
  ADD PRIMARY KEY (`key`);

--
-- Indexes for table `cache_locks`
--
ALTER TABLE `cache_locks`
  ADD PRIMARY KEY (`key`);

--
-- Indexes for table `employers`
--
ALTER TABLE `employers`
  ADD PRIMARY KEY (`id`);

--
-- Indexes for table `failed_jobs`
--
ALTER TABLE `failed_jobs`
  ADD PRIMARY KEY (`id`),
  ADD UNIQUE KEY `failed_jobs_uuid_unique` (`uuid`);

--
-- Indexes for table `jobs`
--
ALTER TABLE `jobs`
  ADD PRIMARY KEY (`id`),
  ADD KEY `jobs_queue_index` (`queue`);

--
-- Indexes for table `job_batches`
--
ALTER TABLE `job_batches`
  ADD PRIMARY KEY (`id`);

--
-- Indexes for table `job_listings`
--
ALTER TABLE `job_listings`
  ADD PRIMARY KEY (`id`);

--
-- Indexes for table `job_tag`
--
ALTER TABLE `job_tag`
  ADD PRIMARY KEY (`id`),
  ADD KEY `job_tag_job_listing_id_foreign` (`job_listing_id`),
  ADD KEY `job_tag_tag_id_foreign` (`tag_id`);

--
-- Indexes for table `migrations`
--
ALTER TABLE `migrations`
  ADD PRIMARY KEY (`id`);

--
-- Indexes for table `password_reset_tokens`
--
ALTER TABLE `password_reset_tokens`
  ADD PRIMARY KEY (`email`);

--
-- Indexes for table `post`
--
ALTER TABLE `post`
  ADD PRIMARY KEY (`id`);

--
-- Indexes for table `sessions`
--
ALTER TABLE `sessions`
  ADD PRIMARY KEY (`id`),
  ADD KEY `sessions_user_id_index` (`user_id`),
  ADD KEY `sessions_last_activity_index` (`last_activity`);

--
-- Indexes for table `tags`
--
ALTER TABLE `tags`
  ADD PRIMARY KEY (`id`);

--
-- Indexes for table `users`
--
ALTER TABLE `users`
  ADD PRIMARY KEY (`id`),
  ADD UNIQUE KEY `users_email_unique` (`email`);

--
-- AUTO_INCREMENT for dumped tables
--

--
-- AUTO_INCREMENT for table `employers`
--
ALTER TABLE `employers`
  MODIFY `id` bigint UNSIGNED NOT NULL AUTO_INCREMENT, AUTO_INCREMENT=401;

--
-- AUTO_INCREMENT for table `failed_jobs`
--
ALTER TABLE `failed_jobs`
  MODIFY `id` bigint UNSIGNED NOT NULL AUTO_INCREMENT;

--
-- AUTO_INCREMENT for table `jobs`
--
ALTER TABLE `jobs`
  MODIFY `id` bigint UNSIGNED NOT NULL AUTO_INCREMENT;

--
-- AUTO_INCREMENT for table `job_listings`
--
ALTER TABLE `job_listings`
  MODIFY `id` bigint UNSIGNED NOT NULL AUTO_INCREMENT, AUTO_INCREMENT=401;

--
-- AUTO_INCREMENT for table `job_tag`
--
ALTER TABLE `job_tag`
  MODIFY `id` bigint UNSIGNED NOT NULL AUTO_INCREMENT;

--
-- AUTO_INCREMENT for table `migrations`
--
ALTER TABLE `migrations`
  MODIFY `id` int UNSIGNED NOT NULL AUTO_INCREMENT, AUTO_INCREMENT=8;

--
-- AUTO_INCREMENT for table `post`
--
ALTER TABLE `post`
  MODIFY `id` bigint UNSIGNED NOT NULL AUTO_INCREMENT;

--
-- AUTO_INCREMENT for table `tags`
--
ALTER TABLE `tags`
  MODIFY `id` bigint UNSIGNED NOT NULL AUTO_INCREMENT;

--
-- AUTO_INCREMENT for table `users`
--
ALTER TABLE `users`
  MODIFY `id` bigint UNSIGNED NOT NULL AUTO_INCREMENT, AUTO_INCREMENT=2;

--
-- Constraints for dumped tables
--

--
-- Constraints for table `job_tag`
--
ALTER TABLE `job_tag`
  ADD CONSTRAINT `job_tag_job_listing_id_foreign` FOREIGN KEY (`job_listing_id`) REFERENCES `job_listings` (`id`) ON DELETE CASCADE,
  ADD CONSTRAINT `job_tag_tag_id_foreign` FOREIGN KEY (`tag_id`) REFERENCES `tags` (`id`) ON DELETE CASCADE;
COMMIT;

/*!40101 SET CHARACTER_SET_CLIENT=@OLD_CHARACTER_SET_CLIENT */;
/*!40101 SET CHARACTER_SET_RESULTS=@OLD_CHARACTER_SET_RESULTS */;
/*!40101 SET COLLATION_CONNECTION=@OLD_COLLATION_CONNECTION */;
